title,detail_url,img_url
"Giày Pickleball Nam Động Lực Jogarbola Endura ""Navy"" JG-23557-06 - Hàng Chính Hãng",https://shop.webthethao.vn/giay-pickleball-nam-dong-luc-jogarbola-endura-navy-jg-23557-06-hang-chinh-hang,https://bizweb.dktcdn.net/thumb/large/100/485/982/products/1-1747208033478.jpg?v=1747208036877
"Giày Pickleball Nam Động Lực Jogarbola Endura ""White"" JG-23557-05 - Hàng Chính Hãng",https://shop.webthethao.vn/giay-pickleball-nam-dong-luc-jogarbola-endura-white-jg-23557-05-hang-chinh-hang,https://bizweb.dktcdn.net/thumb/large/100/485/982/products/1-1747208000189.jpg?v=1747208004043
"Giày Pickleball Nam Động Lực Jogarbola Endura ""Beige"" JG-23557-04 - Hàng Chính Hãng",https://shop.webthethao.vn/giay-pickleball-nam-dong-luc-jogarbola-endura-beige-jg-23557-04-hang-chinh-hang,https://bizweb.dktcdn.net/thumb/large/100/485/982/products/1-1747207962540.jpg?v=1747207967507
"Áo phông thể thao nam Jogarbola màu ""Pastel Blue"" MJ-A430-06 - Hàng Chính Hãng",https://shop.webthethao.vn/ao-phong-the-thao-nam-jogarbola-mau-pastle-blue-mj-a430-06-hang-chinh-hang,https://bizweb.dktcdn.net/thumb/large/100/485/982/products/1-1745403809663.jpg?v=1745404221900
"Áo phông thể thao nam Jogarbola màu ""Yellow"" MJ-A430-05 - Hàng Chính Hãng",https://shop.webthethao.vn/ao-phong-the-thao-nam-jogarbola-mau-yellow-mj-a430-05-hang-chinh-hang,https://bizweb.dktcdn.net/thumb/large/100/485/982/products/1-1745403764547.jpg?v=1745404101853
"Áo phông thể thao nam Jogarbola màu ""Red"" MJ-A430-04 - Hàng Chính Hãng",https://shop.webthethao.vn/ao-phong-the-thao-nam-jogarbola-mau-red-mj-a430-04-hang-chinh-hang,https://bizweb.dktcdn.net/thumb/large/100/485/982/products/1-1745403689077.jpg?v=1745403911870
"Áo phông thể thao nam Jogarbola màu ""Green/Yellow"" MJ-A430-03 - Hàng Chính Hãng",https://shop.webthethao.vn/ao-phong-the-thao-nam-jogarbola-mau-green-yellow-mj-a430-03-hang-chinh-hang,https://bizweb.dktcdn.net/thumb/large/100/485/982/products/1-1745403647604.jpg?v=1745403904500
"Áo phông thể thao nam Jogarbola màu ""Green/Black"" MJ-A430-02 - Hàng Chính Hãng",https://shop.webthethao.vn/ao-phong-the-thao-nam-jogarbola-mau-green-black-mj-a430-02-hang-chinh-hang,https://bizweb.dktcdn.net/thumb/large/100/485/982/products/1-1745403511831.jpg?v=1745403860080
"Áo phông thể thao nam Jogarbola màu ""Navy"" MJ-A430-01 - Hàng Chính Hãng",https://shop.webthethao.vn/ao-phong-the-thao-nam-jogarbola-mau-navy-mj-a430-01-hang-chinh-hang,https://bizweb.dktcdn.net/thumb/large/100/485/982/products/1-1745403446609.jpg?v=1745403719487
"Áo thi đấu Đội tuyển bóng đá Quốc gia 2025 (bản FAN) màu ""Trắng"" MJ-A4054-01 - Hàng Chính Hãng",https://shop.webthethao.vn/ao-thi-dau-doi-tuyen-bong-da-quoc-gia-2025-ban-fan-mau-trang-mj-a4051-01-hang-chinh-hang,https://bizweb.dktcdn.net/thumb/large/100/485/982/products/1-1745224351012.jpg?v=1745224355667
"Áo thi đấu Đội tuyển bóng đá Quốc gia 2025 (bản FAN) màu ""Đỏ"" MJ-A4054-03 - Hàng Chính Hãng",https://shop.webthethao.vn/ao-thi-dau-doi-tuyen-bong-da-quoc-gia-2025-ban-fan-mau-do-mj-a4051-03-hang-chinh-hang,https://bizweb.dktcdn.net/thumb/large/100/485/982/products/1-1745224305230.jpg?v=1745224308377
"Vợt Pickleball Zocker Aspire x Phúc Huỳnh ""Blue"" ZAxPH-06 - Hàng Chính Hãng",https://shop.webthethao.vn/vot-pickleball-zocker-aspire-x-phuc-huynh-blue-zaxph-06-hang-chinh-hang,https://bizweb.dktcdn.net/thumb/large/100/485/982/products/1-1744362323397.jpg?v=1744362327097
"Vợt Pickleball Zocker Aspire x Phúc Huỳnh ""Black"" ZAxPH-05 - Hàng Chính Hãng",https://shop.webthethao.vn/vot-pickleball-zocker-aspire-x-phuc-huynh-black-zaxph-05-hang-chinh-hang,https://bizweb.dktcdn.net/thumb/large/100/485/982/products/1-1744362282940.jpg?v=1744362285953
"Vợt Pickleball Zocker Aspire x Phúc Huỳnh ""Pink"" ZAxPH-04 - Hàng Chính Hãng",https://shop.webthethao.vn/vot-pickleball-zocker-aspire-x-phuc-huynh-pink-zaxph-04-hang-chinh-hang,https://bizweb.dktcdn.net/thumb/large/100/485/982/products/1-1744362242019.jpg?v=1744362245173
"Vợt Pickleball Zocker Aspire x Phúc Huỳnh ""White"" ZAxPH-03 - Hàng Chính Hãng",https://shop.webthethao.vn/vot-pickleball-zocker-aspire-x-phuc-huynh-white-zaxph-03-hang-chinh-hang,https://bizweb.dktcdn.net/thumb/large/100/485/982/products/1-1744362123588.jpg?v=1744362127820
"Vợt Pickleball Zocker Aspire x Phúc Huỳnh ""Purple"" ZAxPH-02 - Hàng Chính Hãng",https://shop.webthethao.vn/vot-pickleball-zocker-aspire-x-phuc-huynh-purple-zaxph-02-hang-chinh-hang,https://bizweb.dktcdn.net/thumb/large/100/485/982/products/1-1744361940265.jpg?v=1744361945103
"Vợt Pickleball Zocker Aspire x Phúc Huỳnh ""Red"" ZAxPH-01 - Hàng Chính Hãng",https://shop.webthethao.vn/vot-pickleball-zocker-aspire-x-phuc-huynh-red-zaxph-01-hang-chinh-hang,https://bizweb.dktcdn.net/thumb/large/100/485/982/products/1-1744361841590.jpg?v=1744361845137
"Vợt Pickleball Zocker Happy HP05 Pro Series ""Black"" HP05-B - Hàng Chính Hãng",https://shop.webthethao.vn/vot-pickleball-zocker-happy-hp05-pro-series-black-hp05-b-hang-chinh-hang,https://bizweb.dktcdn.net/thumb/large/100/485/982/products/1-1744361691008.jpg?v=1744361694203
"Vợt Pickleball Zocker Happy HP05 Pro Series ""Red"" HP05-R - Hàng Chính Hãng",https://shop.webthethao.vn/vot-pickleball-zocker-happy-hp05-pro-series-red-hp05-r-hang-chinh-hang,https://bizweb.dktcdn.net/thumb/large/100/485/982/products/1-1744361587638.jpg?v=1744361592180
"Áo polo Ban Huấn Luyện Đội tuyển Quốc gia 2025 ""Blue"" MJ-A4049-127 - Hàng Chính Hãng",https://shop.webthethao.vn/ao-polo-ban-huan-luyen-doi-tuyen-quoc-gia-2025-blue-mj-a4049-127-hang-chinh-hang,https://bizweb.dktcdn.net/thumb/large/100/485/982/products/1-1744356850961.jpg?v=1744356878350
"Bộ luyện tập Đội tuyển Bóng đá Quốc gia 2025 ""Green"" MJ-E3053-132 - Hàng Chính Hãng",https://shop.webthethao.vn/ao-polo-ban-huan-luyen-quoc-gia-2025-green-mj-e3053-132-hang-chinh-hang,https://bizweb.dktcdn.net/thumb/large/100/485/982/products/1-1744356695896.jpg?v=1744356730423
"Giày Cầu Lông / Bóng Chuyền Động Lực Promax ""Light/Khaki"" PR-241023-10 - Hàng Chính Hãng",https://shop.webthethao.vn/giay-cau-long-bong-chuyen-dong-luc-promax-light-khaki-pr-241023-10-hang-chinh-hang,https://bizweb.dktcdn.net/thumb/large/100/485/982/products/1-1742791379096.jpg?v=1742791386883
"Giày Cầu Lông / Bóng Chuyền Động Lực Promax ""Red/White"" PR-241023-09 - Hàng Chính Hãng",https://shop.webthethao.vn/giay-cau-long-bong-chuyen-dong-luc-promax-red-white-pr-241023-09-hang-chinh-hang,https://bizweb.dktcdn.net/thumb/large/100/485/982/products/1-1742719095817.jpg?v=1742719099427
"Giày Cầu Lông / Bóng Chuyền Động Lực Promax ""White/Purple"" PR-241023-08 - Hàng Chính Hãng",https://shop.webthethao.vn/giay-cau-long-bong-chuyen-dong-luc-promax-white-purple-pr-241023-08-hang-chinh-hang,https://bizweb.dktcdn.net/thumb/large/100/485/982/products/1-1742719061430.jpg?v=1742719064840
Túi bảo vệ mặt vợt Pickleball Zocker - Hàng Chính Hãng,https://shop.webthethao.vn/tui-bao-ve-mat-vot-pickleball-zocker-hang-chinh-hang,https://bizweb.dktcdn.net/thumb/large/100/485/982/products/1-1742266462409.jpg?v=1742266465253
Túi đựng vợt Pickleball Zocker - Hàng Chính Hãng,https://shop.webthethao.vn/tui-dung-vot-pickleball-zocker-hang-chinh-hang,https://bizweb.dktcdn.net/thumb/large/100/485/982/products/1-1742266176422.jpg?v=1742266180597
Balo thể thao Zocker Winner Energy - Hàng Chính Hãng,https://shop.webthethao.vn/balo-the-thao-zocker-winner-energy-hang-chinh-hang,https://bizweb.dktcdn.net/thumb/large/100/485/982/products/1-1742266009134.jpg?v=1742266015533
Balo thể thao Zocker Montana - Hàng Chính Hãng,https://shop.webthethao.vn/balo-the-thao-zocker-montana-hang-chinh-hang,https://bizweb.dktcdn.net/thumb/large/100/485/982/products/1-1742265666951.jpg?v=1742265671157
Balo thể thao Zocker - Hàng Chính Hãng,https://shop.webthethao.vn/balo-the-thao-zocker-hang-chinh-hang,https://bizweb.dktcdn.net/thumb/large/100/485/982/products/balo-zocker-1742264711679.jpg?v=1742264716723
"Balo thể thao đội tuyển 2025 ""Đen"" AJ-HP2502 - Hàng Chính Hãng",https://shop.webthethao.vn/balo-the-thao-doi-tuyen-2025-den-aj-hp2502-hang-chinh-hang,https://bizweb.dktcdn.net/thumb/large/100/485/982/products/1-1742179768792.jpg?v=1742179775303
"Bộ luyện tập Đội tuyển Bóng đá Quốc gia 2025 ""Blue"" MJ-E4047-29 - Hàng Chính Hãng",https://shop.webthethao.vn/bo-luyen-tap-doi-tuyen-bong-da-quoc-gia-2025-blue-mj-e4047-29-hang-chinh-hang,https://bizweb.dktcdn.net/thumb/large/100/485/982/products/6-1742178409629.jpg?v=1742178415047
"Bộ luyện tập Đội tuyển Bóng đá Quốc gia 2025 ""Orange"" MJ-E3053-133 - Hàng Chính Hãng",https://shop.webthethao.vn/bo-luyen-tap-doi-tuyen-bong-da-quoc-gia-2025-orange-mj-e3053-133-hang-chinh-hang,https://bizweb.dktcdn.net/thumb/large/100/485/982/products/1-1742178353069.jpg?v=1742178357790
