url,name,price,compare_price,categories,description,images
https://shop.webthethao.vn/giay-pickleball-nam-dong-luc-jogarbola-endura-navy-jg-23557-06-hang-chinh-hang,"Giày Pickleball Nam Động Lực Jogarbola Endura ""White"" JG-23557-05 - Hàng Chính Hãng",,,,"Giày Pickleball Jogarbola Endura – Bảo Vệ Chân, Lên Sân Tự Tin
Giày Pickleball Jogarbola Endura là lựa chọn hoàn hảo cho người chơi bán chuyên và phong trào, mang đến sự thoải mái, ổn định và hiệu suất vượt trội trên sân. Với thiết kế tối giản, dễ phối đồ cùng những công nghệ hiện đại, đôi giày này giúp bạn làm chủ từng bước di chuyển.
Đặc điểm nổi bật
Upper TPU kết hợp Microfiber bền bỉ cùng lưới thoáng khí, mang lại độ ôm chân vừa vặn và sự thông thoáng tối đa.
Công nghệ J-Foam – Đế Phylon đàn hồi tốt, giảm chấn hiệu quả, mang lại cảm giác nhẹ nhàng và êm ái trong từng bước di chuyển.
Công nghệ J-Rubber – Đế cao su tăng cường ma sát, chống trơn trượt, giúp bạn luôn vững vàng trên mọi mặt sân.
Công nghệ J-Lock – Thanh TPU chống vặn xoắn, hạn chế lật cổ chân, tối ưu phản lực khi di chuyển và đổi hướng nhanh.
Thông số kỹ thuật
Chất liệu: TPU, Microfiber, vải lưới
Màu: Beige, Navy, White
Size: 39-44",
https://shop.webthethao.vn/giay-pickleball-nam-dong-luc-jogarbola-endura-white-jg-23557-05-hang-chinh-hang,"Giày Pickleball Nam Động Lực Jogarbola Endura ""Navy"" JG-23557-06 - Hàng Chính Hãng",,,,"Giày Pickleball Jogarbola Endura – Bảo Vệ Chân, Lên Sân Tự Tin
Giày Pickleball Jogarbola Endura là lựa chọn hoàn hảo cho người chơi bán chuyên và phong trào, mang đến sự thoải mái, ổn định và hiệu suất vượt trội trên sân. Với thiết kế tối giản, dễ phối đồ cùng những công nghệ hiện đại, đôi giày này giúp bạn làm chủ từng bước di chuyển.
Đặc điểm nổi bật
Upper TPU kết hợp Microfiber bền bỉ cùng lưới thoáng khí, mang lại độ ôm chân vừa vặn và sự thông thoáng tối đa.
Công nghệ J-Foam – Đế Phylon đàn hồi tốt, giảm chấn hiệu quả, mang lại cảm giác nhẹ nhàng và êm ái trong từng bước di chuyển.
Công nghệ J-Rubber – Đế cao su tăng cường ma sát, chống trơn trượt, giúp bạn luôn vững vàng trên mọi mặt sân.
Công nghệ J-Lock – Thanh TPU chống vặn xoắn, hạn chế lật cổ chân, tối ưu phản lực khi di chuyển và đổi hướng nhanh.
Thông số kỹ thuật
Chất liệu: TPU, Microfiber, vải lưới
Màu: Beige, Navy, White
Size: 39-44",
https://shop.webthethao.vn/giay-pickleball-nam-dong-luc-jogarbola-endura-beige-jg-23557-04-hang-chinh-hang,"Giày Pickleball Nam Động Lực Jogarbola Endura ""Navy"" JG-23557-06 - Hàng Chính Hãng",,,,"Giày Pickleball Jogarbola Endura – Bảo Vệ Chân, Lên Sân Tự Tin
Giày Pickleball Jogarbola Endura là lựa chọn hoàn hảo cho người chơi bán chuyên và phong trào, mang đến sự thoải mái, ổn định và hiệu suất vượt trội trên sân. Với thiết kế tối giản, dễ phối đồ cùng những công nghệ hiện đại, đôi giày này giúp bạn làm chủ từng bước di chuyển.
Đặc điểm nổi bật
Upper TPU kết hợp Microfiber bền bỉ cùng lưới thoáng khí, mang lại độ ôm chân vừa vặn và sự thông thoáng tối đa.
Công nghệ J-Foam – Đế Phylon đàn hồi tốt, giảm chấn hiệu quả, mang lại cảm giác nhẹ nhàng và êm ái trong từng bước di chuyển.
Công nghệ J-Rubber – Đế cao su tăng cường ma sát, chống trơn trượt, giúp bạn luôn vững vàng trên mọi mặt sân.
Công nghệ J-Lock – Thanh TPU chống vặn xoắn, hạn chế lật cổ chân, tối ưu phản lực khi di chuyển và đổi hướng nhanh.
Thông số kỹ thuật
Chất liệu: TPU, Microfiber, vải lưới
Màu: Beige, Navy, White
Size: 39-44",
https://shop.webthethao.vn/ao-phong-the-thao-nam-jogarbola-mau-pastle-blue-mj-a430-06-hang-chinh-hang,"Áo ba lỗ thể thao nữ Jogarbola Tempo ""Purple"" WJ-AJ378-03 - Hàng Chính Hãng",,,,"Áo Phông Thể Thao Pickleball MJ-A430 – Mát mịn & Linh Hoạt Tối Đa
  - Sự kết hợp giữa 92% poly và 8% spandex giúp áo có độ co giãn vượt trội cả 4 chiều, đảm bảo cảm giác dễ chịu.
- Vải poly không chỉ nhẹ mà còn có khả năng thoát ẩm nhanh, giữ cho cơ thể luôn khô ráo.
- Hệ thống lỗ thông khí được bố trí trải khắp bề mặt áo, hỗ trợ điều hòa nhiệt độ cơ thể, giúp tăng cường sự thoáng mát.
- Logo silicon tinh tế trên ngực áo tạo điểm nhấn hiện đại và thể thao, mang lại vẻ ngoài năng động và chuyên nghiệp cho người mặc.
- Phù hợp cho các môn thể thao vận động: Pickleball, bóng chuyền, cầu lông, ...",
https://shop.webthethao.vn/ao-phong-the-thao-nam-jogarbola-mau-yellow-mj-a430-05-hang-chinh-hang,"Áo ba lỗ thể thao nữ Jogarbola Tempo ""Purple"" WJ-AJ378-03 - Hàng Chính Hãng",,,,"Áo Phông Thể Thao Pickleball MJ-A430 – Mát mịn & Linh Hoạt Tối Đa
  - Sự kết hợp giữa 92% poly và 8% spandex giúp áo có độ co giãn vượt trội cả 4 chiều, đảm bảo cảm giác dễ chịu.
- Vải poly không chỉ nhẹ mà còn có khả năng thoát ẩm nhanh, giữ cho cơ thể luôn khô ráo.
- Hệ thống lỗ thông khí được bố trí trải khắp bề mặt áo, hỗ trợ điều hòa nhiệt độ cơ thể, giúp tăng cường sự thoáng mát.
- Logo silicon tinh tế trên ngực áo tạo điểm nhấn hiện đại và thể thao, mang lại vẻ ngoài năng động và chuyên nghiệp cho người mặc.
- Phù hợp cho các môn thể thao vận động: Pickleball, bóng chuyền, cầu lông, ...",
https://shop.webthethao.vn/ao-phong-the-thao-nam-jogarbola-mau-red-mj-a430-04-hang-chinh-hang,"Áo ba lỗ thể thao nữ Jogarbola Tempo ""Purple"" WJ-AJ378-03 - Hàng Chính Hãng",,,,"Áo Phông Thể Thao Pickleball MJ-A430 – Mát mịn & Linh Hoạt Tối Đa
  - Sự kết hợp giữa 92% poly và 8% spandex giúp áo có độ co giãn vượt trội cả 4 chiều, đảm bảo cảm giác dễ chịu.
- Vải poly không chỉ nhẹ mà còn có khả năng thoát ẩm nhanh, giữ cho cơ thể luôn khô ráo.
- Hệ thống lỗ thông khí được bố trí trải khắp bề mặt áo, hỗ trợ điều hòa nhiệt độ cơ thể, giúp tăng cường sự thoáng mát.
- Logo silicon tinh tế trên ngực áo tạo điểm nhấn hiện đại và thể thao, mang lại vẻ ngoài năng động và chuyên nghiệp cho người mặc.
- Phù hợp cho các môn thể thao vận động: Pickleball, bóng chuyền, cầu lông, ...",
https://shop.webthethao.vn/ao-phong-the-thao-nam-jogarbola-mau-green-yellow-mj-a430-03-hang-chinh-hang,"Áo ba lỗ thể thao nữ Jogarbola Tempo ""Purple"" WJ-AJ378-03 - Hàng Chính Hãng",,,,"Áo Phông Thể Thao Pickleball MJ-A430 – Mát mịn & Linh Hoạt Tối Đa
  - Sự kết hợp giữa 92% poly và 8% spandex giúp áo có độ co giãn vượt trội cả 4 chiều, đảm bảo cảm giác dễ chịu.
- Vải poly không chỉ nhẹ mà còn có khả năng thoát ẩm nhanh, giữ cho cơ thể luôn khô ráo.
- Hệ thống lỗ thông khí được bố trí trải khắp bề mặt áo, hỗ trợ điều hòa nhiệt độ cơ thể, giúp tăng cường sự thoáng mát.
- Logo silicon tinh tế trên ngực áo tạo điểm nhấn hiện đại và thể thao, mang lại vẻ ngoài năng động và chuyên nghiệp cho người mặc.
- Phù hợp cho các môn thể thao vận động: Pickleball, bóng chuyền, cầu lông, ...",
https://shop.webthethao.vn/ao-phong-the-thao-nam-jogarbola-mau-green-black-mj-a430-02-hang-chinh-hang,"Áo ba lỗ thể thao nữ Jogarbola Tempo ""Purple"" WJ-AJ378-03 - Hàng Chính Hãng",,,,"Áo Phông Thể Thao Pickleball MJ-A430 – Mát mịn & Linh Hoạt Tối Đa
  - Sự kết hợp giữa 92% poly và 8% spandex giúp áo có độ co giãn vượt trội cả 4 chiều, đảm bảo cảm giác dễ chịu.
- Vải poly không chỉ nhẹ mà còn có khả năng thoát ẩm nhanh, giữ cho cơ thể luôn khô ráo.
- Hệ thống lỗ thông khí được bố trí trải khắp bề mặt áo, hỗ trợ điều hòa nhiệt độ cơ thể, giúp tăng cường sự thoáng mát.
- Logo silicon tinh tế trên ngực áo tạo điểm nhấn hiện đại và thể thao, mang lại vẻ ngoài năng động và chuyên nghiệp cho người mặc.
- Phù hợp cho các môn thể thao vận động: Pickleball, bóng chuyền, cầu lông, ...",
https://shop.webthethao.vn/ao-phong-the-thao-nam-jogarbola-mau-navy-mj-a430-01-hang-chinh-hang,"Áo ba lỗ thể thao nữ Jogarbola Tempo ""Purple"" WJ-AJ378-03 - Hàng Chính Hãng",,,,"Áo Phông Thể Thao Pickleball MJ-A430 – Mát mịn & Linh Hoạt Tối Đa
  - Sự kết hợp giữa 92% poly và 8% spandex giúp áo có độ co giãn vượt trội cả 4 chiều, đảm bảo cảm giác dễ chịu.
- Vải poly không chỉ nhẹ mà còn có khả năng thoát ẩm nhanh, giữ cho cơ thể luôn khô ráo.
- Hệ thống lỗ thông khí được bố trí trải khắp bề mặt áo, hỗ trợ điều hòa nhiệt độ cơ thể, giúp tăng cường sự thoáng mát.
- Logo silicon tinh tế trên ngực áo tạo điểm nhấn hiện đại và thể thao, mang lại vẻ ngoài năng động và chuyên nghiệp cho người mặc.
- Phù hợp cho các môn thể thao vận động: Pickleball, bóng chuyền, cầu lông, ...",
https://shop.webthethao.vn/ao-thi-dau-doi-tuyen-bong-da-quoc-gia-2025-ban-fan-mau-trang-mj-a4051-01-hang-chinh-hang,"Áo thi đấu Đội tuyển bóng đá Quốc gia 2025 (bản FAN) màu ""Đỏ"" MJ-A4054-03 - Hàng Chính Hãng",,,,"Áo Thi Đấu Đội Tuyển Bóng Đá Quốc Gia 2025 (Bản Fan) – Hòa Nhịp Cùng Niềm Tự Hào Dân Tộc
Sản phẩm thuộc BST Trang phục Đội tuyển Bóng đá Quốc gia 2025, mang thông điệp “Vinh quang Việt Nam” – khẳng định tinh thần kiên cường, bất khuất và khát vọng chiến thắng của những chiến binh sao vàng.
Họa tiết trên áo được lấy cảm hứng từ những dãy núi trùng điệp – tượng trưng cho một Việt Nam kiên cường, bất khuất. Như hành trình của đội tuyển quốc gia, chưa bao giờ dễ dàng nhưng cũng chưa bao giờ chùn bước. Mỗi đường nét trên áo là một dấu ấn mạnh mẽ, nhắc nhở rằng: Không bao giờ lùi bước, chỉ có tiến lên để giành vinh quang!
Đặc điểm nổi bật
Áo thi đấu được làm từ 100% polyester, một trong những chất liệu phổ biến nhất trong trang phục thể thao chuyên nghiệp nhờ vào những ưu điểm vượt trội:
Độ bền cao, giữ form tốt: Polyester có khả năng chống nhăn, không bai dão sau thời gian dài sử dụng. Điều này giúp áo luôn giữ được phom dáng sắc nét, thể hiện sự mạnh mẽ và tinh thần thể thao.
Thoáng khí, hỗ trợ thấm hút mồ hôi: Công nghệ dệt hiện đại giúp không khí lưu thông tốt hơn, nhanh chóng làm khô mồ hôi, mang lại cảm giác dễ chịu khi vận động.
Kháng khuẩn tốt, dễ bảo quản: Chất liệu 100% polyester có đặc tính kháng khuẩn tự nhiên, giúp hạn chế sự phát triển của vi khuẩn và ngăn ngừa mùi hôi do mồ hôi hoặc bụi bẩn tích tụ. Đồng thời, bề mặt vải ít bám bẩn, dễ vệ sinh và nhanh khô, giúp áo luôn sạch sẽ, bền đẹp theo thời gian.
Thông số kỹ thuật
Chất liệu: 100% polyester
Màu: Red, White
Size: S-3XL
Mã SP: MJ-A4051-03, MJ-A4052-01",
https://shop.webthethao.vn/ao-thi-dau-doi-tuyen-bong-da-quoc-gia-2025-ban-fan-mau-do-mj-a4051-03-hang-chinh-hang,"Áo thi đấu Đội tuyển bóng đá Quốc gia 2025 (bản FAN) màu ""Trắng"" MJ-A4054-01 - Hàng Chính Hãng",,,,"Áo Thi Đấu Đội Tuyển Bóng Đá Quốc Gia 2025 (Bản Fan) – Hòa Nhịp Cùng Niềm Tự Hào Dân Tộc
Sản phẩm thuộc BST Trang phục Đội tuyển Bóng đá Quốc gia 2025, mang thông điệp “Vinh quang Việt Nam” – khẳng định tinh thần kiên cường, bất khuất và khát vọng chiến thắng của những chiến binh sao vàng.
Họa tiết trên áo được lấy cảm hứng từ những dãy núi trùng điệp – tượng trưng cho một Việt Nam kiên cường, bất khuất. Như hành trình của đội tuyển quốc gia, chưa bao giờ dễ dàng nhưng cũng chưa bao giờ chùn bước. Mỗi đường nét trên áo là một dấu ấn mạnh mẽ, nhắc nhở rằng: Không bao giờ lùi bước, chỉ có tiến lên để giành vinh quang!
Đặc điểm nổi bật
Áo thi đấu được làm từ 100% polyester, một trong những chất liệu phổ biến nhất trong trang phục thể thao chuyên nghiệp nhờ vào những ưu điểm vượt trội:
Độ bền cao, giữ form tốt: Polyester có khả năng chống nhăn, không bai dão sau thời gian dài sử dụng. Điều này giúp áo luôn giữ được phom dáng sắc nét, thể hiện sự mạnh mẽ và tinh thần thể thao.
Thoáng khí, hỗ trợ thấm hút mồ hôi: Công nghệ dệt hiện đại giúp không khí lưu thông tốt hơn, nhanh chóng làm khô mồ hôi, mang lại cảm giác dễ chịu khi vận động.
Kháng khuẩn tốt, dễ bảo quản: Chất liệu 100% polyester có đặc tính kháng khuẩn tự nhiên, giúp hạn chế sự phát triển của vi khuẩn và ngăn ngừa mùi hôi do mồ hôi hoặc bụi bẩn tích tụ. Đồng thời, bề mặt vải ít bám bẩn, dễ vệ sinh và nhanh khô, giúp áo luôn sạch sẽ, bền đẹp theo thời gian.
Thông số kỹ thuật
Chất liệu: 100% polyester
Màu: Red, White
Size: S-3XL
Mã SP: MJ-A4051-03, MJ-A4052-01",
https://shop.webthethao.vn/vot-pickleball-zocker-aspire-x-phuc-huynh-blue-zaxph-06-hang-chinh-hang,"Vợt Pickleball Zocker Aspire x Phúc Huỳnh ""Black"" ZAxPH-05 - Hàng Chính Hãng",,,,"Vợt không chỉ là 1 công cụ mà còn là người bạn đồng hành lý tưởng, giúp bạn chinh phục mọi thử thách trên sân pickleball. Với thiết kế đơn giản, hiện đại, mang tính xu hướng toàn cầu, vợt Zocker Aspire phù hợp với nhiều đối tượng, từ người mới chơi cho tới vận động viên chuyên nghiệp.
Với Aspire, Zocker cho ra mắt 2 phiên bản với độ dày lần lượt 13.3mm và 16mm, cùng 6 màu sắc khác nhau gồm: Trắng, hồng, đỏ, xanh, tím, đen. Mỗi màu đều mang theo sắc thái riêng. Trong đó, Vợt Pickleball Zocker Aspire viền Đỏ nổi bật với sự mạnh mẽ, năng lượng bùng cháy. Sự đa dạng về độ dày cũng như màu sắc giúp người dùng thoải mái đưa ra lựa chọn phù hợp với lối chơi cũng như phong cách thời thượng.
Zocker sử dụng cấu trúc tổ ong cùng công nghệ ép nóng cho phần lõi, mang tới độ bền vượt trội, vô cùng chắc chắn. Kết hợp với bề mặt carbon T700 nhập từ Nhật giúp tăng độ nhám, hỗ trợ rất tốt cho các kỹ thuật tạo xoáy.
Trọng lượng vợt 230 gr cho cảm giác đầm tay. Phần tay cầm dài 14 cm dễ dàng kiểm soát và chuyển đổi kiểu cầm, bên ngoài được cuốn cao su trắng cho cảm giác chắc chắn, thoái mái, giúp bạn tự tin phô diễn các kỹ thuật trên sân.
Các kỹ sư của Zocker đã thực hiện nhiều cải tiến quan trọng giúp nâng cao khả năng push lực lên tới 25 - 30%. Độ rung gần như bằng 0, êm ái, khả năng truyền lực tuyệt vời tạo ra những cú drive, smash mạnh & chính xác. Đồng thời, vợt cũng giúp bạn dễ dàng đón đỡ những cú đánh mạnh từ đối thủ, giữ vững thế trận.
Một ưu điểm khác của vợt Zocker Aspire là EVA đen full viền kết hợp với lõi tổ ong PP giúp tăng trọng lượng lõi, mở rộng và làm đồng đều điểm ngọt. Biến nó trở thành 1 “vũ khí” có khả năng công – thủ toàn diện.
Trải nghiệm Pickleball Zocker Aspire ngay hôm nay sẽ mang đến cho bạn những trải nghiệm tuyệt vời từ 1 cây vợt cao cấp, được tay vợt hàng đầu châu Á - Phúc Huỳnh tin dùng!",
https://shop.webthethao.vn/vot-pickleball-zocker-aspire-x-phuc-huynh-black-zaxph-05-hang-chinh-hang,"Vợt Pickleball Zocker Aspire x Phúc Huỳnh ""Blue"" ZAxPH-06 - Hàng Chính Hãng",,,,"Vợt không chỉ là 1 công cụ mà còn là người bạn đồng hành lý tưởng, giúp bạn chinh phục mọi thử thách trên sân pickleball. Với thiết kế đơn giản, hiện đại, mang tính xu hướng toàn cầu, vợt Zocker Aspire phù hợp với nhiều đối tượng, từ người mới chơi cho tới vận động viên chuyên nghiệp.
Với Aspire, Zocker cho ra mắt 2 phiên bản với độ dày lần lượt 13.3mm và 16mm, cùng 6 màu sắc khác nhau gồm: Trắng, hồng, đỏ, xanh, tím, đen. Mỗi màu đều mang theo sắc thái riêng. Trong đó, Vợt Pickleball Zocker Aspire viền Đỏ nổi bật với sự mạnh mẽ, năng lượng bùng cháy. Sự đa dạng về độ dày cũng như màu sắc giúp người dùng thoải mái đưa ra lựa chọn phù hợp với lối chơi cũng như phong cách thời thượng.
Zocker sử dụng cấu trúc tổ ong cùng công nghệ ép nóng cho phần lõi, mang tới độ bền vượt trội, vô cùng chắc chắn. Kết hợp với bề mặt carbon T700 nhập từ Nhật giúp tăng độ nhám, hỗ trợ rất tốt cho các kỹ thuật tạo xoáy.
Trọng lượng vợt 230 gr cho cảm giác đầm tay. Phần tay cầm dài 14 cm dễ dàng kiểm soát và chuyển đổi kiểu cầm, bên ngoài được cuốn cao su trắng cho cảm giác chắc chắn, thoái mái, giúp bạn tự tin phô diễn các kỹ thuật trên sân.
Các kỹ sư của Zocker đã thực hiện nhiều cải tiến quan trọng giúp nâng cao khả năng push lực lên tới 25 - 30%. Độ rung gần như bằng 0, êm ái, khả năng truyền lực tuyệt vời tạo ra những cú drive, smash mạnh & chính xác. Đồng thời, vợt cũng giúp bạn dễ dàng đón đỡ những cú đánh mạnh từ đối thủ, giữ vững thế trận.
Một ưu điểm khác của vợt Zocker Aspire là EVA đen full viền kết hợp với lõi tổ ong PP giúp tăng trọng lượng lõi, mở rộng và làm đồng đều điểm ngọt. Biến nó trở thành 1 “vũ khí” có khả năng công – thủ toàn diện.
Trải nghiệm Pickleball Zocker Aspire ngay hôm nay sẽ mang đến cho bạn những trải nghiệm tuyệt vời từ 1 cây vợt cao cấp, được tay vợt hàng đầu châu Á - Phúc Huỳnh tin dùng!",
https://shop.webthethao.vn/vot-pickleball-zocker-aspire-x-phuc-huynh-pink-zaxph-04-hang-chinh-hang,"Vợt Pickleball Zocker Aspire x Phúc Huỳnh ""Blue"" ZAxPH-06 - Hàng Chính Hãng",,,,"Vợt không chỉ là 1 công cụ mà còn là người bạn đồng hành lý tưởng, giúp bạn chinh phục mọi thử thách trên sân pickleball. Với thiết kế đơn giản, hiện đại, mang tính xu hướng toàn cầu, vợt Zocker Aspire phù hợp với nhiều đối tượng, từ người mới chơi cho tới vận động viên chuyên nghiệp.
Với Aspire, Zocker cho ra mắt 2 phiên bản với độ dày lần lượt 13.3mm và 16mm, cùng 6 màu sắc khác nhau gồm: Trắng, hồng, đỏ, xanh, tím, đen. Mỗi màu đều mang theo sắc thái riêng. Trong đó, Vợt Pickleball Zocker Aspire viền Đỏ nổi bật với sự mạnh mẽ, năng lượng bùng cháy. Sự đa dạng về độ dày cũng như màu sắc giúp người dùng thoải mái đưa ra lựa chọn phù hợp với lối chơi cũng như phong cách thời thượng.
Zocker sử dụng cấu trúc tổ ong cùng công nghệ ép nóng cho phần lõi, mang tới độ bền vượt trội, vô cùng chắc chắn. Kết hợp với bề mặt carbon T700 nhập từ Nhật giúp tăng độ nhám, hỗ trợ rất tốt cho các kỹ thuật tạo xoáy.
Trọng lượng vợt 230 gr cho cảm giác đầm tay. Phần tay cầm dài 14 cm dễ dàng kiểm soát và chuyển đổi kiểu cầm, bên ngoài được cuốn cao su trắng cho cảm giác chắc chắn, thoái mái, giúp bạn tự tin phô diễn các kỹ thuật trên sân.
Các kỹ sư của Zocker đã thực hiện nhiều cải tiến quan trọng giúp nâng cao khả năng push lực lên tới 25 - 30%. Độ rung gần như bằng 0, êm ái, khả năng truyền lực tuyệt vời tạo ra những cú drive, smash mạnh & chính xác. Đồng thời, vợt cũng giúp bạn dễ dàng đón đỡ những cú đánh mạnh từ đối thủ, giữ vững thế trận.
Một ưu điểm khác của vợt Zocker Aspire là EVA đen full viền kết hợp với lõi tổ ong PP giúp tăng trọng lượng lõi, mở rộng và làm đồng đều điểm ngọt. Biến nó trở thành 1 “vũ khí” có khả năng công – thủ toàn diện.
Trải nghiệm Pickleball Zocker Aspire ngay hôm nay sẽ mang đến cho bạn những trải nghiệm tuyệt vời từ 1 cây vợt cao cấp, được tay vợt hàng đầu châu Á - Phúc Huỳnh tin dùng!",
https://shop.webthethao.vn/vot-pickleball-zocker-aspire-x-phuc-huynh-white-zaxph-03-hang-chinh-hang,"Vợt Pickleball Zocker Aspire x Phúc Huỳnh ""Blue"" ZAxPH-06 - Hàng Chính Hãng",,,,"Vợt không chỉ là 1 công cụ mà còn là người bạn đồng hành lý tưởng, giúp bạn chinh phục mọi thử thách trên sân pickleball. Với thiết kế đơn giản, hiện đại, mang tính xu hướng toàn cầu, vợt Zocker Aspire phù hợp với nhiều đối tượng, từ người mới chơi cho tới vận động viên chuyên nghiệp.
Với Aspire, Zocker cho ra mắt 2 phiên bản với độ dày lần lượt 13.3mm và 16mm, cùng 6 màu sắc khác nhau gồm: Trắng, hồng, đỏ, xanh, tím, đen. Mỗi màu đều mang theo sắc thái riêng. Trong đó, Vợt Pickleball Zocker Aspire viền Đỏ nổi bật với sự mạnh mẽ, năng lượng bùng cháy. Sự đa dạng về độ dày cũng như màu sắc giúp người dùng thoải mái đưa ra lựa chọn phù hợp với lối chơi cũng như phong cách thời thượng.
Zocker sử dụng cấu trúc tổ ong cùng công nghệ ép nóng cho phần lõi, mang tới độ bền vượt trội, vô cùng chắc chắn. Kết hợp với bề mặt carbon T700 nhập từ Nhật giúp tăng độ nhám, hỗ trợ rất tốt cho các kỹ thuật tạo xoáy.
Trọng lượng vợt 230 gr cho cảm giác đầm tay. Phần tay cầm dài 14 cm dễ dàng kiểm soát và chuyển đổi kiểu cầm, bên ngoài được cuốn cao su trắng cho cảm giác chắc chắn, thoái mái, giúp bạn tự tin phô diễn các kỹ thuật trên sân.
Các kỹ sư của Zocker đã thực hiện nhiều cải tiến quan trọng giúp nâng cao khả năng push lực lên tới 25 - 30%. Độ rung gần như bằng 0, êm ái, khả năng truyền lực tuyệt vời tạo ra những cú drive, smash mạnh & chính xác. Đồng thời, vợt cũng giúp bạn dễ dàng đón đỡ những cú đánh mạnh từ đối thủ, giữ vững thế trận.
Một ưu điểm khác của vợt Zocker Aspire là EVA đen full viền kết hợp với lõi tổ ong PP giúp tăng trọng lượng lõi, mở rộng và làm đồng đều điểm ngọt. Biến nó trở thành 1 “vũ khí” có khả năng công – thủ toàn diện.
Trải nghiệm Pickleball Zocker Aspire ngay hôm nay sẽ mang đến cho bạn những trải nghiệm tuyệt vời từ 1 cây vợt cao cấp, được tay vợt hàng đầu châu Á - Phúc Huỳnh tin dùng!",
https://shop.webthethao.vn/vot-pickleball-zocker-aspire-x-phuc-huynh-purple-zaxph-02-hang-chinh-hang,"Vợt Pickleball Zocker Aspire x Phúc Huỳnh ""Blue"" ZAxPH-06 - Hàng Chính Hãng",,,,"Vợt không chỉ là 1 công cụ mà còn là người bạn đồng hành lý tưởng, giúp bạn chinh phục mọi thử thách trên sân pickleball. Với thiết kế đơn giản, hiện đại, mang tính xu hướng toàn cầu, vợt Zocker Aspire phù hợp với nhiều đối tượng, từ người mới chơi cho tới vận động viên chuyên nghiệp.
Với Aspire, Zocker cho ra mắt 2 phiên bản với độ dày lần lượt 13.3mm và 16mm, cùng 6 màu sắc khác nhau gồm: Trắng, hồng, đỏ, xanh, tím, đen. Mỗi màu đều mang theo sắc thái riêng. Trong đó, Vợt Pickleball Zocker Aspire viền Đỏ nổi bật với sự mạnh mẽ, năng lượng bùng cháy. Sự đa dạng về độ dày cũng như màu sắc giúp người dùng thoải mái đưa ra lựa chọn phù hợp với lối chơi cũng như phong cách thời thượng.
Zocker sử dụng cấu trúc tổ ong cùng công nghệ ép nóng cho phần lõi, mang tới độ bền vượt trội, vô cùng chắc chắn. Kết hợp với bề mặt carbon T700 nhập từ Nhật giúp tăng độ nhám, hỗ trợ rất tốt cho các kỹ thuật tạo xoáy.
Trọng lượng vợt 230 gr cho cảm giác đầm tay. Phần tay cầm dài 14 cm dễ dàng kiểm soát và chuyển đổi kiểu cầm, bên ngoài được cuốn cao su trắng cho cảm giác chắc chắn, thoái mái, giúp bạn tự tin phô diễn các kỹ thuật trên sân.
Các kỹ sư của Zocker đã thực hiện nhiều cải tiến quan trọng giúp nâng cao khả năng push lực lên tới 25 - 30%. Độ rung gần như bằng 0, êm ái, khả năng truyền lực tuyệt vời tạo ra những cú drive, smash mạnh & chính xác. Đồng thời, vợt cũng giúp bạn dễ dàng đón đỡ những cú đánh mạnh từ đối thủ, giữ vững thế trận.
Một ưu điểm khác của vợt Zocker Aspire là EVA đen full viền kết hợp với lõi tổ ong PP giúp tăng trọng lượng lõi, mở rộng và làm đồng đều điểm ngọt. Biến nó trở thành 1 “vũ khí” có khả năng công – thủ toàn diện.
Trải nghiệm Pickleball Zocker Aspire ngay hôm nay sẽ mang đến cho bạn những trải nghiệm tuyệt vời từ 1 cây vợt cao cấp, được tay vợt hàng đầu châu Á - Phúc Huỳnh tin dùng!",
https://shop.webthethao.vn/vot-pickleball-zocker-aspire-x-phuc-huynh-red-zaxph-01-hang-chinh-hang,"Vợt Pickleball Zocker Aspire x Phúc Huỳnh ""Blue"" ZAxPH-06 - Hàng Chính Hãng",,,,"Vợt không chỉ là 1 công cụ mà còn là người bạn đồng hành lý tưởng, giúp bạn chinh phục mọi thử thách trên sân pickleball. Với thiết kế đơn giản, hiện đại, mang tính xu hướng toàn cầu, vợt Zocker Aspire phù hợp với nhiều đối tượng, từ người mới chơi cho tới vận động viên chuyên nghiệp.
Với Aspire, Zocker cho ra mắt 2 phiên bản với độ dày lần lượt 13.3mm và 16mm, cùng 6 màu sắc khác nhau gồm: Trắng, hồng, đỏ, xanh, tím, đen. Mỗi màu đều mang theo sắc thái riêng. Trong đó, Vợt Pickleball Zocker Aspire viền Đỏ nổi bật với sự mạnh mẽ, năng lượng bùng cháy. Sự đa dạng về độ dày cũng như màu sắc giúp người dùng thoải mái đưa ra lựa chọn phù hợp với lối chơi cũng như phong cách thời thượng.
Zocker sử dụng cấu trúc tổ ong cùng công nghệ ép nóng cho phần lõi, mang tới độ bền vượt trội, vô cùng chắc chắn. Kết hợp với bề mặt carbon T700 nhập từ Nhật giúp tăng độ nhám, hỗ trợ rất tốt cho các kỹ thuật tạo xoáy.
Trọng lượng vợt 230 gr cho cảm giác đầm tay. Phần tay cầm dài 14 cm dễ dàng kiểm soát và chuyển đổi kiểu cầm, bên ngoài được cuốn cao su trắng cho cảm giác chắc chắn, thoái mái, giúp bạn tự tin phô diễn các kỹ thuật trên sân.
Các kỹ sư của Zocker đã thực hiện nhiều cải tiến quan trọng giúp nâng cao khả năng push lực lên tới 25 - 30%. Độ rung gần như bằng 0, êm ái, khả năng truyền lực tuyệt vời tạo ra những cú drive, smash mạnh & chính xác. Đồng thời, vợt cũng giúp bạn dễ dàng đón đỡ những cú đánh mạnh từ đối thủ, giữ vững thế trận.
Một ưu điểm khác của vợt Zocker Aspire là EVA đen full viền kết hợp với lõi tổ ong PP giúp tăng trọng lượng lõi, mở rộng và làm đồng đều điểm ngọt. Biến nó trở thành 1 “vũ khí” có khả năng công – thủ toàn diện.
Trải nghiệm Pickleball Zocker Aspire ngay hôm nay sẽ mang đến cho bạn những trải nghiệm tuyệt vời từ 1 cây vợt cao cấp, được tay vợt hàng đầu châu Á - Phúc Huỳnh tin dùng!",
https://shop.webthethao.vn/vot-pickleball-zocker-happy-hp05-pro-series-black-hp05-b-hang-chinh-hang,"Vợt Pickleball Zocker Aspire x Phúc Huỳnh ""Blue"" ZAxPH-06 - Hàng Chính Hãng",,,,"Vợt Pickleball Zocker Happy HP05 Pro Series Black là sản phẩm kết hợp giữa công nghệ hiện đại và phong cách thiết kế tối giản, dành cho người chơi đam mê sự cân bằng giữa lực đánh bùng nổ và kiểm soát chi tiết từng đường bóng. Với hai phiên bản độ dày linh hoạt, vợt không chỉ là công cụ thi đấu mà còn là biểu tượng của sự chuyên nghiệp, giúp bạn tỏa sáng trên mọi mặt trận.
Mặt vợt làm từ Raw Carbon Fiber T700 không chỉ mang lại độ bền cao mà còn tạo ma sát tối ưu, giúp tăng độ xoáy và kiểm soát bóng ngay cả trong những cú đánh biên. Công nghệ mô phỏng vợt tennis mở rộng vùng sweet spot, đảm bảo độ chính xác dù đánh ở bất kỳ vị trí nào.
Phần lõi sử dụng cấu trúc tổ ong ép nóng mật độ cao, phân tán lực đồng đều, giảm rung chấn đến mức tối thiểu và trở lại vị trí sẵn sàng nhanh chóng sau mỗi cú đánh.
Đặc biệt, chuôi vợt ứng dụng công nghệ Hyper Press giúp hấp thụ chấn động, giảm áp lực lên khớp tay và mang lại cảm giác êm ái khi thi đấu liên tục.
Phiên bản 16mm của Zocker Happy HP05 Pro Series là trợ thủ đắc lực cho lối chơi tấn công áp đảo, với khả năng tạo lực đẩy mạnh từ những cú swing dài. Đây là lựa chọn hoàn hảo để triển khai các pha smash hoặc drive từ cuối sân. Ngược lại, phiên bản 14mm tập trung vào điều hướng linh hoạt, giúp người chơi xử lý nhanh các tình huống phức tạp gần lưới nhờ độ nhạy cao và khả năng giữ bóng ổn định.
Công nghệ lõi PP ép nóng đảm bảo độ bền vượt trội, đồng thời duy trì cảm giác bóng chân thực – yếu tố quan trọng để thực hiện drop shot hoặc third shot drop chuẩn xác.
Thiết kế viền đen sang trọng kết hợp họa tiết tối giản không chỉ tạo nên phong cách riêng biệt mà còn phản ánh đẳng cấp của người chơi. Chất liệu carbon cao cấp chống trầy xước và chịu lực tốt, phù hợp với cường độ sử dụng cao.
Dù bạn theo đuổi lối chơi tấn công hay kiểm soát, HP05 Pro Series đều mang đến sự cân bằng hoàn hảo giữa sức mạnh và độ chính xác. Đặc biệt, trọng lượng nhẹ và công nghệ giảm chấn giúp hạn chế chấn thương, cho phép bạn tập luyện lâu dài mà vẫn đảm bảo sức khỏe.
Thông số kỹ thuật Zocker HP05 Pro Series
Kích thước chung:
Chiều dài vợt: 417mm | Chiều rộng: 190mm | Chiều dài mặt vợt: 28.5cm
Chiều dài tay cầm: 130 – 135mm (thiết kế phù hợp cầm 2 tay).
Phiên bản 16mm:
Độ dày: 16mm | Trọng lượng: 230 ±5g → Ưu tiên tấn công mạnh mẽ.
Phiên bản 14mm:
Độ dày: 14mm | Trọng lượng: 225 ±5g → Tối ưu kiểm soát và linh hoạt.
Zocker Happy HP05 Pro Series Black không chỉ là dụng cụ thể thao mà còn là minh chứng cho sự đổi mới trong thiết kế vợt pickleball cao cấp. Sản phẩm được nghiên cứu để đáp ứng nhu cầu của cả người chơi giải trí lẫn vận động viên chuyên nghiệp, giúp bạn tự tin chinh phục mọi giải đấu.
Hãy đặt mua ngay hôm nay để trải nghiệm sự khác biệt và biến mỗi trận đấu thành cơ hội tỏa sáng!",
https://shop.webthethao.vn/vot-pickleball-zocker-happy-hp05-pro-series-red-hp05-r-hang-chinh-hang,"Vợt Pickleball Zocker Aspire x Phúc Huỳnh ""Blue"" ZAxPH-06 - Hàng Chính Hãng",,,,"Zocker HP05 Pro Series viền đỏ là lựa chọn lý tưởng nhờ thiết kế thông minh và công nghệ đột phá. Sản phẩm này không chỉ phù hợp cho người chơi thi đấu chuyên nghiệp mà còn là trợ thủ đáng tin cậy cho những ai yêu thích luyện tập nâng cao kỹ thuật. Với hai phiên bản độ dày 14mm và 16mm, vợt được tối ưu hóa cho cả phong cách tấn công mạnh mẽ lẫn kiểm soát bóng tinh tế, mang đến trải nghiệm cá nhân hóa trên sân.
Mặt vợt làm từ Raw Carbon Fiber T700 không chỉ tăng độ bền mà còn tạo ma sát tối đa, giúp bóng xoáy hơn và bám lâu trên mặt vợt. Thiết kế này lấy cảm hứng từ vợt tennis, mở rộng điểm ngọt (sweet spot) để tối ưu độ chính xác ngay cả khi đánh lệch tâm.
Phần lõi sử dụng cấu trúc tổ ong ép nóng mật độ cao, phân tán lực đều khắp mặt vợt, giảm rung chấn đến 90% và tăng khả năng kiểm soát.
Công nghệ Hyper Press ở chuôi vợt hấp thụ chấn động, giảm mỏi cổ tay khi thi đấu cường độ cao. Đặc biệt, chuôi dài 13–13.5cm hỗ trợ thao tác hai tay linh hoạt, phù hợp với cả phòng thủ và phản công.
Với phiên bản 16mm, người chơi sẽ cảm nhận rõ lực đẩy mạnh mẽ từ lõi dày, biến mọi cú đập bóng thành đòn tấn công sắc bén. Đây là lựa chọn hoàn hảo cho những ai ưa thích lối chơi áp đảo và kiểm soát trận đấu từ baseline. Ngược lại, phiên bản 14mm tập trung vào độ nhạy và phản xạ nhanh, giúp xử lý dứt điểm các tình huống gần lưới.
Công nghệ lõi PP ép nóng đảm bảo bóng được giữ lâu trên mặt vợt, tạo điều kiện căn chỉnh góc đánh chuẩn xác – yếu tố then chốt trong các pha drop shot hoặc volley.
Sản phẩm không chỉ nổi bật nhờ viền đỏ cá tính mà còn ghi điểm bởi độ bền vượt trội. Chất liệu carbon cao cấp chống trầy xước và biến dạng, phù hợp với cường độ sử dụng thường xuyên. HP05 Pro Series mang đến sự cân bằng giữa sức mạnh và độ chính xác, giúp bạn tự tin trong mọi giải đấu. Đặc biệt, trọng lượng nhẹ cùng tay cầm êm ái giúp giảm áp lực lên cổ tay, cho phép tập luyện lâu dài mà không lo chấn thương.
Thông số kỹ thuật Zocker HP05 Pro Series
Kích thước chung:
Chiều dài vợt: 417mm | Chiều rộng: 190mm | Chiều dài mặt vợt: 28.5cm
Chiều dài tay cầm: 130 – 135mm (thiết kế phù hợp cầm 2 tay).
Phiên bản 16mm:
Độ dày: 16mm | Trọng lượng: 230 ±5g → Ưu tiên tấn công mạnh mẽ.
Phiên bản 14mm:
Độ dày: 14mm | Trọng lượng: 225 ±5g → Tối ưu kiểm soát và linh hoạt.
Zocker HP05 Pro Series viền đỏ không chỉ là công cụ thi đấu mà còn là bước đột phá so với các mẫu vợt pickleball hiện nay. Sản phẩm được thiết kế để đồng hành cùng bạn trên hành trình chinh phục mọi thử thách, từ luyện tập đến tranh tài đỉnh cao.
Hãy đặt mua ngay hôm nay để trải nghiệm sự khác biệt và biến mỗi trận đấu thành cơ hội tỏa sáng!",
https://shop.webthethao.vn/ao-polo-ban-huan-luyen-doi-tuyen-quoc-gia-2025-blue-mj-a4049-127-hang-chinh-hang,"Áo thi đấu Đội tuyển bóng đá Quốc gia 2025 (bản FAN) màu ""Trắng"" MJ-A4054-01 - Hàng Chính Hãng",,,,"ÁO DI CHUYỂN ĐỘI TUYỂN BÓNG ĐÁ VIỆT NAM - KHÁT KHAO CHINH PHỤC, KHÔNG NGỪNG TIẾN LÊN
Sản phẩm nằm trong BST Trang phục Đội tuyển Việt Nam 2025, mang theo khẩu hiệu “Vinh Quang Việt Nam”, thể hiện tinh thần chiến đấu kiên cường và niềm tự hào dân tộc.
Họa tiết của áo di chuyển Đội tuyển bóng đá Việt Nam được lấy cảm hứng từ hình ảnh sao băng, biểu tượng cho sự tỏa sáng, tốc độ và khát khao chinh phục. Những vệt sáng trên nền áo, kết hợp với các đường nét năng động, tạo nên một thiết kế đầy ấn tượng và mạnh mẽ. Họa tiết ngôi sao tượng trưng cho ước mơ vươn xa, khẳng định bản lĩnh trên sân cỏ, giống như cách các cầu thủ Việt Nam không ngừng nỗ lực để tỏa sáng trên đấu trường quốc tế.
Đặc điểm nổi bật
Áo di chuyển Đội tuyển bóng đá Việt Nam được làm từ chất liệu 100% polyester với độ co giãn 2 chiều, mang lại sự linh hoạt tối đa cho từng cử động. Cấu trúc vải bền bỉ giúp áo giữ form tốt, không bị bai dão hay biến dạng sau thời gian dài sử dụng. Đồng thời, chất liệu này thân thiện với làn da, mang lại cảm giác sạch sẽ và dễ chịu ngay cả khi mặc trong thời gian dài.
Bên cạnh đó, áo có khả năng thoát mồ hôi hiệu quả, giúp bề mặt vải luôn khô thoáng, giảm cảm giác bức bí khi vận động cường độ cao. Điều này hỗ trợ các cầu thủ duy trì sự thoải mái và tập trung trong suốt quá trình di chuyển, đảm bảo phong độ ổn định trước khi bước vào trận đấu.
Thông số kỹ thuật
Chất liệu: 100% polyester
Màu sắc: Burgundy
Kích thước: S-3XL
Mã SP: MJ-AJ4049-126",
https://shop.webthethao.vn/ao-polo-ban-huan-luyen-quoc-gia-2025-green-mj-e3053-132-hang-chinh-hang,"Áo thi đấu Đội tuyển bóng đá Quốc gia 2025 (bản FAN) màu ""Trắng"" MJ-A4054-01 - Hàng Chính Hãng",,,,"ÁO DI CHUYỂN ĐỘI TUYỂN BÓNG ĐÁ VIỆT NAM - KHÁT KHAO CHINH PHỤC, KHÔNG NGỪNG TIẾN LÊN
Sản phẩm nằm trong BST Trang phục Đội tuyển Việt Nam 2025, mang theo khẩu hiệu “Vinh Quang Việt Nam”, thể hiện tinh thần chiến đấu kiên cường và niềm tự hào dân tộc.
Họa tiết của áo di chuyển Đội tuyển bóng đá Việt Nam được lấy cảm hứng từ hình ảnh sao băng, biểu tượng cho sự tỏa sáng, tốc độ và khát khao chinh phục. Những vệt sáng trên nền áo, kết hợp với các đường nét năng động, tạo nên một thiết kế đầy ấn tượng và mạnh mẽ. Họa tiết ngôi sao tượng trưng cho ước mơ vươn xa, khẳng định bản lĩnh trên sân cỏ, giống như cách các cầu thủ Việt Nam không ngừng nỗ lực để tỏa sáng trên đấu trường quốc tế.
Đặc điểm nổi bật
Áo di chuyển Đội tuyển bóng đá Việt Nam được làm từ chất liệu 100% polyester với độ co giãn 2 chiều, mang lại sự linh hoạt tối đa cho từng cử động. Cấu trúc vải bền bỉ giúp áo giữ form tốt, không bị bai dão hay biến dạng sau thời gian dài sử dụng. Đồng thời, chất liệu này thân thiện với làn da, mang lại cảm giác sạch sẽ và dễ chịu ngay cả khi mặc trong thời gian dài.
Bên cạnh đó, áo có khả năng thoát mồ hôi hiệu quả, giúp bề mặt vải luôn khô thoáng, giảm cảm giác bức bí khi vận động cường độ cao. Điều này hỗ trợ các cầu thủ duy trì sự thoải mái và tập trung trong suốt quá trình di chuyển, đảm bảo phong độ ổn định trước khi bước vào trận đấu.
Thông số kỹ thuật
Chất liệu: 100% polyester
Màu sắc: Burgundy
Kích thước: S-3XL
Mã SP: MJ-AJ4049-126",
https://shop.webthethao.vn/giay-cau-long-bong-chuyen-dong-luc-promax-light-khaki-pr-241023-10-hang-chinh-hang,"Áo thi đấu Đội tuyển bóng đá Quốc gia 2025 (bản FAN) màu ""Trắng"" MJ-A4054-01 - Hàng Chính Hãng",,,,"Giày Cầu Lông / Bóng Chuyền Động Lực Promax ""Tím"" PR-241023-03 - Hàng Chính Hãng
Giày cầu lông Promax PR-241023 được thiết kế dành những người yêu thích môn cầu lông chuyên nghiệp với chất lượng tiêu chuẩn. 
Đôi giày vừa mang đến cảm giác thoải mái, vừa như một tấm ""lá chắn toàn diện"", giúp bảo vệ chân từ mọi góc độ.
Giày cầu lông Promax PR-241023 sẽ là bạn đồng hành hoàn hảo cho những cú ""smash"" mạnh mẽ và uy lực
Đặc điểm nổi bật
CHẤT LIỆU VẢI LƯỚI VÀ DA PU
Mềm, thoáng, mang lại cảm giác thoải mái cho bàn chân
ĐẾ CAO SU + PHYLON
Đàn hồi, bền, hiệu suất bật theo chiều dọc tốt giúp giảm tổn thất năng lượng
THIẾT KẾ THANH GIẰNG VÒM ĐẾ
Bảo vệ vòm chân, cải thiện sự ổn định
  Thông số kỹ thuật
- Chất liệu: Vải lưới, da nhân tạo
- Màu sắc: Tím/Đỏ/Xanh navy
- Kích thước: 36 - 39
- Mã sản phẩm: PR-241023
  ***
Shop.webthethao.vn
SẮM ĐỒ CHẤT - GIÁ HỜI NHẤT
Liên hệ (Zalo/hotline): 0823.885.888
SHOP.WEBTHETHAO.VN là cửa hàng trực tuyến uy tín chuyên cung cấp các sản phẩm thể thao chất lượng cao với giá tốt nhất. Là cửa hàng phân phối các sản phẩm thể thao chính hãng, thương hiệu hàng đầu trong nước và quốc tế. Hãy liên hệ với chúng tôi để được tư vấn, mua hàng nhanh chóng và tiết kiệm nhất qua hotline/zalo 0823.885.888",
https://shop.webthethao.vn/giay-cau-long-bong-chuyen-dong-luc-promax-red-white-pr-241023-09-hang-chinh-hang,"Áo thi đấu Đội tuyển bóng đá Quốc gia 2025 (bản FAN) màu ""Trắng"" MJ-A4054-01 - Hàng Chính Hãng",,,,"Giày Cầu Lông / Bóng Chuyền Động Lực Promax ""Red/White"" PR-241023-03 - Hàng Chính Hãng
Giày cầu lông Promax PR-241023 được thiết kế dành những người yêu thích môn cầu lông chuyên nghiệp với chất lượng tiêu chuẩn. 
Đôi giày vừa mang đến cảm giác thoải mái, vừa như một tấm ""lá chắn toàn diện"", giúp bảo vệ chân từ mọi góc độ.
Giày cầu lông Promax PR-241023 sẽ là bạn đồng hành hoàn hảo cho những cú ""smash"" mạnh mẽ và uy lực
Đặc điểm nổi bật
CHẤT LIỆU VẢI LƯỚI VÀ DA PU
Mềm, thoáng, mang lại cảm giác thoải mái cho bàn chân
ĐẾ CAO SU + PHYLON
Đàn hồi, bền, hiệu suất bật theo chiều dọc tốt giúp giảm tổn thất năng lượng
THIẾT KẾ THANH GIẰNG VÒM ĐẾ
Bảo vệ vòm chân, cải thiện sự ổn định
  Thông số kỹ thuật
- Chất liệu: Vải lưới, da nhân tạo
- Kích thước: 36 - 39
- Mã sản phẩm: PR-241023
  ***
Shop.webthethao.vn
SẮM ĐỒ CHẤT - GIÁ HỜI NHẤT
Liên hệ (Zalo/hotline): 0823.885.888
SHOP.WEBTHETHAO.VN là cửa hàng trực tuyến uy tín chuyên cung cấp các sản phẩm thể thao chất lượng cao với giá tốt nhất. Là cửa hàng phân phối các sản phẩm thể thao chính hãng, thương hiệu hàng đầu trong nước và quốc tế. Hãy liên hệ với chúng tôi để được tư vấn, mua hàng nhanh chóng và tiết kiệm nhất qua hotline/zalo 0823.885.888",
https://shop.webthethao.vn/giay-cau-long-bong-chuyen-dong-luc-promax-white-purple-pr-241023-08-hang-chinh-hang,"Áo thi đấu Đội tuyển bóng đá Quốc gia 2025 (bản FAN) màu ""Trắng"" MJ-A4054-01 - Hàng Chính Hãng",,,,"Giày Cầu Lông / Bóng Chuyền Động Lực Promax ""White/Purple"" PR-241023-03 - Hàng Chính Hãng
Giày cầu lông Promax PR-241023 được thiết kế dành những người yêu thích môn cầu lông chuyên nghiệp với chất lượng tiêu chuẩn. 
Đôi giày vừa mang đến cảm giác thoải mái, vừa như một tấm ""lá chắn toàn diện"", giúp bảo vệ chân từ mọi góc độ.
Giày cầu lông Promax PR-241023 sẽ là bạn đồng hành hoàn hảo cho những cú ""smash"" mạnh mẽ và uy lực
Đặc điểm nổi bật
CHẤT LIỆU VẢI LƯỚI VÀ DA PU
Mềm, thoáng, mang lại cảm giác thoải mái cho bàn chân
ĐẾ CAO SU + PHYLON
Đàn hồi, bền, hiệu suất bật theo chiều dọc tốt giúp giảm tổn thất năng lượng
THIẾT KẾ THANH GIẰNG VÒM ĐẾ
Bảo vệ vòm chân, cải thiện sự ổn định
  Thông số kỹ thuật
- Chất liệu: Vải lưới, da nhân tạo
- Kích thước: 36 - 39
- Mã sản phẩm: PR-241023
  ***
Shop.webthethao.vn
SẮM ĐỒ CHẤT - GIÁ HỜI NHẤT
Liên hệ (Zalo/hotline): 0823.885.888
SHOP.WEBTHETHAO.VN là cửa hàng trực tuyến uy tín chuyên cung cấp các sản phẩm thể thao chất lượng cao với giá tốt nhất. Là cửa hàng phân phối các sản phẩm thể thao chính hãng, thương hiệu hàng đầu trong nước và quốc tế. Hãy liên hệ với chúng tôi để được tư vấn, mua hàng nhanh chóng và tiết kiệm nhất qua hotline/zalo 0823.885.888",
https://shop.webthethao.vn/tui-bao-ve-mat-vot-pickleball-zocker-hang-chinh-hang,Tất đá bóng chống trơn Zocker Parson - Hàng Chính Hãng,,,,Thông tin sản phẩm đang được cập nhật,
https://shop.webthethao.vn/tui-dung-vot-pickleball-zocker-hang-chinh-hang,Tất đá bóng chống trơn Zocker Parson - Hàng Chính Hãng,,,,Thông tin sản phẩm đang được cập nhật,
https://shop.webthethao.vn/balo-the-thao-zocker-winner-energy-hang-chinh-hang,Tất đá bóng chống trơn Zocker Parson - Hàng Chính Hãng,,,,Thông tin sản phẩm đang được cập nhật,
https://shop.webthethao.vn/balo-the-thao-zocker-montana-hang-chinh-hang,Tất đá bóng chống trơn Zocker Parson - Hàng Chính Hãng,,,,Thông tin sản phẩm đang được cập nhật,
https://shop.webthethao.vn/balo-the-thao-zocker-hang-chinh-hang,Tất đá bóng chống trơn Zocker Parson - Hàng Chính Hãng,,,,Thông tin sản phẩm đang được cập nhật,
https://shop.webthethao.vn/balo-the-thao-doi-tuyen-2025-den-aj-hp2502-hang-chinh-hang,"Áo thi đấu Đội tuyển bóng đá Quốc gia 2025 (bản FAN) màu ""Trắng"" MJ-A4054-01 - Hàng Chính Hãng",,,,"Balo Thể Thao Đội Tuyển AJ-HP 2502 – Bền Bỉ, Tiện Dụng, Đậm Chất Thể Thao
Balo thể thao đội tuyển AJ-HP 2502 thuộc BST Đội tuyển bóng đá Quốc gia 2025 với thông điệp “Vinh quang Việt Nam”, mang trong mình khát khao chiến thắng của những chiến binh sao vàng. Sự kết hợp giữa thiết kế hiện đại và chất liệu cao cấp mang đến trải nghiệm sử dụng tối ưu cho người yêu thể thao.
Đặc điểm nổi bật
Chất liệu cao cấp: Vải Polytester 1200D (TPE) trượt nước sang trọng, bền bỉ, phối cùng vải 900PU, mang đến độ bền vượt trội và khả năng chống thấm tối ưu.
Ngăn đựng giày riêng biệt: Thiết kế dưới đáy túi giúp bảo quản giày sạch sẽ, không ảnh hưởng đến các vật dụng khác.
Ngăn đựng nước tiện lợi: Bố trí bên hông, sử dụng cùng chất liệu vải chính, đảm bảo độ bền và tính thẩm mỹ.
Thiết kế đậm chất thể thao: Cờ Việt Nam và logo thương hiệu in nổi bật, tạo dấu ấn mạnh mẽ.
Điểm nhấn tinh tế: Đường line màu đỏ chạy dọc thân balo, mang lại vẻ ngoài cá tính, hiện đại.
Thông số kỹ thuật
Màu: Đen
Mã SP: AJ-HP 2502",
https://shop.webthethao.vn/bo-luyen-tap-doi-tuyen-bong-da-quoc-gia-2025-blue-mj-e4047-29-hang-chinh-hang,"Áo thi đấu Đội tuyển bóng đá Quốc gia 2025 (bản FAN) màu ""Trắng"" MJ-A4054-01 - Hàng Chính Hãng",,,,"TRANG PHỤC TẬP LUYỆN ĐỘI TUYỂN BÓNG ĐÁ VIỆT NAM – TINH THẦN KIÊN CƯỜNG, SỨC MẠNH ĐOÀN KẾT
Nằm trong BST Trang phục Đội tuyển Việt Nam 2025 với khẩu hiệu ""Vinh Quang Việt Nam"", bộ trang phục tập luyện mang đến tinh thần chiến đấu bền bỉ và khát vọng vươn xa.
Trang phục tập luyện Đội tuyển bóng đá Việt Nam có 2 phiên bản: màu xanh và màu cam.
Thiết kế đầu tiên được lấy cảm hứng với màu xanh biển chủ đạo, tượng trưng cho màu của biển cả, sự tươi mới và năng động. Trên nền áo, các họa tiết ngôi sao chìm được sắp xếp ẩn sau dòng nước biển, thể hiện tinh thần khát khao vươn lên và những ước mơ lớn lao của Đội tuyển bóng đá Việt Nam. Xen kẽ với những ngôi sao là hình tượng các cơn sóng mạnh mẽ, gợi lên ý chí kiên cường và sức mạnh đoàn kết như dòng chảy bất tận của biển cả Việt Nam. Điểm nhấn nổi bật của áo là những tia sét màu vàng rực rỡ được bố trí ở ngực áo, tượng trưng cho sức mạnh của thiên nhiên, tượng trưng cho tinh thần sàng vượt qua những sóng gió, để vươn mình ra thế giới của các chiến binh sao vàng. 
Thiết kế thứ 2 có màu cam nổi bật, tượng trưng cho sức mạnh bùng cháy và ý chí mãnh liệt. Trên nền áo, họa tiết những dãy núi trùng điệp được khắc họa một cách sắc nét, biểu thị cho sự kiên cường, bền bỉ và khát vọng chinh phục đỉnh cao. Những dãy núi này cũng như những thử thách mà các cầu thủ phải vượt qua, tượng trưng cho tinh thần không ngừng phấn đấu, vượt qua mọi gian nan để đạt được vinh quang.
Đặc điểm nổi bật
Trang phục tập luyện Đội tuyển bóng đá Việt Nam được làm từ 100% polyester cao cấp, mang đến sự bền bỉ, co giãn và kháng khuẩn. Với độ co giãn tuyệt vời, áo giúp cầu thủ thoải mái di chuyển, thực hiện các động tác tập luyện linh hoạt và nhanh chóng trên sân. 
Trang phục không chỉ nhẹ, mà còn có khả năng thấm hút mồ hôi vượt trội, giúp cơ thể luôn khô thoáng và thoải mái trong suốt quá trình luyện tập.
Sự bền bỉ của chất liệu giúp áo không bị giãn hay biến dạng sau thời gian dài sử dụng, đồng thời khả năng kháng khuẩn giúp ngăn ngừa mùi hôi, giữ áo luôn tươi mới. 
Trang phục tập luyện đội tuyển quốc gia 2025 là sự lựa chọn lý tưởng để các cầu thủ có thể duy trì phong độ tốt nhất trong mọi điều kiện, từ các buổi tập luyện căng thẳng đến những trận đấu đầy thử thách.
Thông số kỹ thuật:
Chất liệu: 100% polyester
Màu sắc: Orange, Blue
Kích thước: S-3XL
Mã SP: MJ-E3053-113, MJ-E4047-29",
https://shop.webthethao.vn/bo-luyen-tap-doi-tuyen-bong-da-quoc-gia-2025-orange-mj-e3053-133-hang-chinh-hang,"Áo thi đấu Đội tuyển bóng đá Quốc gia 2025 (bản FAN) màu ""Trắng"" MJ-A4054-01 - Hàng Chính Hãng",,,,"TRANG PHỤC TẬP LUYỆN ĐỘI TUYỂN BÓNG ĐÁ VIỆT NAM – TINH THẦN KIÊN CƯỜNG, SỨC MẠNH ĐOÀN KẾT
Nằm trong BST Trang phục Đội tuyển Việt Nam 2025 với khẩu hiệu ""Vinh Quang Việt Nam"", bộ trang phục tập luyện mang đến tinh thần chiến đấu bền bỉ và khát vọng vươn xa.
Trang phục tập luyện Đội tuyển bóng đá Việt Nam có 2 phiên bản: màu xanh và màu cam.
Thiết kế đầu tiên được lấy cảm hứng với màu xanh biển chủ đạo, tượng trưng cho màu của biển cả, sự tươi mới và năng động. Trên nền áo, các họa tiết ngôi sao chìm được sắp xếp ẩn sau dòng nước biển, thể hiện tinh thần khát khao vươn lên và những ước mơ lớn lao của Đội tuyển bóng đá Việt Nam. Xen kẽ với những ngôi sao là hình tượng các cơn sóng mạnh mẽ, gợi lên ý chí kiên cường và sức mạnh đoàn kết như dòng chảy bất tận của biển cả Việt Nam. Điểm nhấn nổi bật của áo là những tia sét màu vàng rực rỡ được bố trí ở ngực áo, tượng trưng cho sức mạnh của thiên nhiên, tượng trưng cho tinh thần sàng vượt qua những sóng gió, để vươn mình ra thế giới của các chiến binh sao vàng. 
Thiết kế thứ 2 có màu cam nổi bật, tượng trưng cho sức mạnh bùng cháy và ý chí mãnh liệt. Trên nền áo, họa tiết những dãy núi trùng điệp được khắc họa một cách sắc nét, biểu thị cho sự kiên cường, bền bỉ và khát vọng chinh phục đỉnh cao. Những dãy núi này cũng như những thử thách mà các cầu thủ phải vượt qua, tượng trưng cho tinh thần không ngừng phấn đấu, vượt qua mọi gian nan để đạt được vinh quang.
Đặc điểm nổi bật
Trang phục tập luyện Đội tuyển bóng đá Việt Nam được làm từ 100% polyester cao cấp, mang đến sự bền bỉ, co giãn và kháng khuẩn. Với độ co giãn tuyệt vời, áo giúp cầu thủ thoải mái di chuyển, thực hiện các động tác tập luyện linh hoạt và nhanh chóng trên sân. 
Trang phục không chỉ nhẹ, mà còn có khả năng thấm hút mồ hôi vượt trội, giúp cơ thể luôn khô thoáng và thoải mái trong suốt quá trình luyện tập.
Sự bền bỉ của chất liệu giúp áo không bị giãn hay biến dạng sau thời gian dài sử dụng, đồng thời khả năng kháng khuẩn giúp ngăn ngừa mùi hôi, giữ áo luôn tươi mới. 
Trang phục tập luyện đội tuyển quốc gia 2025 là sự lựa chọn lý tưởng để các cầu thủ có thể duy trì phong độ tốt nhất trong mọi điều kiện, từ các buổi tập luyện căng thẳng đến những trận đấu đầy thử thách.
Thông số kỹ thuật:
Chất liệu: 100% polyester
Màu sắc: Orange, Blue
Kích thước: S-3XL
Mã SP: MJ-E3053-113, MJ-E4047-29",
