title,img_urls,category,description,price,detail_url
"Giày thể thao chạy bộ Jogarbola Cloud Step ""White"" JG-CLOUD-01 - Hàng Chính Hãng",https://bizweb.dktcdn.net/100/485/982/products/1-1741151217119.jpg?v=1741151221267; https://bizweb.dktcdn.net/thumb/medium/100/485/982/products/1-1741151217119.jpg?v=1741151221267; https://bizweb.dktcdn.net/thumb/medium/100/485/982/products/2-1741151217122.jpg?v=1741151221747; https://bizweb.dktcdn.net/thumb/medium/100/485/982/products/3-1741151217125.jpg?v=1741151222237; https://bizweb.dktcdn.net/thumb/medium/100/485/982/products/4-1741151217128.jpg?v=1741151223123; https://bizweb.dktcdn.net/thumb/medium/100/485/982/products/5-1741151217132.jpg?v=1741151224153; https://bizweb.dktcdn.net/thumb/medium/100/485/982/products/6-1741151217136.jpg?v=1741151226153; https://bizweb.dktcdn.net/thumb/medium/100/485/982/products/7-1741151217139.jpg?v=1741151227083; https://bizweb.dktcdn.net/thumb/medium/100/485/982/products/8-1741151217143.jpg?v=1741151228723; https://bizweb.dktcdn.net/thumb/medium/100/485/982/products/9-1741151217147.jpg?v=1741151230100; https://bizweb.dktcdn.net/thumb/medium/100/485/982/products/10-1741151217153.jpg?v=1741151230823,Chạy bộ,"Giày chạy bộ Jogarbola CloudStep – Bước nhẹ như mây, chạy bền không ngại; Jogarbola CloudStep là lựa chọn hoàn hảo cho những ai đam mê chạy bộ, từ luyện tập hàng ngày, chạy nghiệp dư đến bán chuyên. Sự kết hợp giữa công nghệ hiện đại và chất liệu cao cấp giúp tối ưu hiệu suất, mang lại cảm giác êm ái, ổn định và bền bỉ trên mọi cung đường.; Đặc điểm nổi bật; Thiết kế upper sử dụng chất liệu vải dệt cao cấp thoáng khí, giúp lưu thông không khí tối đa, giữ cho bàn chân luôn khô ráo, thoải mái ngay cả khi chạy đường dài. Cấu trúc ôm chân vừa vặn, hạn chế ma sát và tăng sự linh hoạt trong từng bước chạy.; Công nghệ Flyknit+ kết hợp công nghệ Seamless ở mũi giày giúp loại bỏ các đường may, tạo nên thiết kế liền mạch, tối ưu độ mềm mại nhưng vẫn đảm bảo độ bền. Ngoài ra giúp tăng tính thẩm mỹ mà còn hỗ trợ sự linh hoạt, giúp bàn chân vận động thoải mái và tự nhiên hơn.; Đôi giày Jogarbola CloudStep còn được tích hợp thanh carbon siêu nhẹ trong đế giày - công nghệ chỉ có ở những đôi giày cao cấp, giúp giữ sự ổn định trong từng bước chạy. Bên cạnh đó, vật liệu này còn giúp giảm chấn động đồng thời tăng lực đẩy và tái tạo năng lượng hiệu quả, giúp bạn duy trì tốc độ bền bỉ khi chạy trên quãng đường dài.; Lớp đế cao su với thiết kế rãnh đặc biệt giúp tăng độ bám trên nhiều bề mặt, kể cả địa hình ướt hay gồ ghề. Chất liệu cao su có độ bền cao, hạn chế mài mòn, giúp bạn duy trì hiệu suất ổn định trong thời gian dài.; Hệ thống đế MD cao cấp có khả năng tăng độ êm ái, hấp thụ lực tốt, giảm áp lực lên bàn chân và khớp gối khi tiếp đất. Điều này giúp giảm nguy cơ chấn thương và duy trì phong độ trong suốt quá trình tập luyện.; Thông số kỹ thuật; Chất liệu; : Vải dệt; Màu; : Dark Grey, White, Blue; Size; : 39-44",990.000₫,https://shop.webthethao.vn/giay-the-thao-chay-bo-jogarbola-cloud-step-white-jg-cloud-01-hang-chinh-hang
"Giày thể thao chạy bộ Jogarbola Cloud Step ""Dark Grey"" JG-CLOUD-02 - Hàng Chính Hãng",https://bizweb.dktcdn.net/100/485/982/products/1-1741157116595.jpg?v=1741157120620; https://bizweb.dktcdn.net/thumb/medium/100/485/982/products/1-1741157116595.jpg?v=1741157120620; https://bizweb.dktcdn.net/thumb/medium/100/485/982/products/2-1741157116599.jpg?v=1741157121893; https://bizweb.dktcdn.net/thumb/medium/100/485/982/products/3-1741157116603.jpg?v=1741157123177; https://bizweb.dktcdn.net/thumb/medium/100/485/982/products/4-1741157116606.jpg?v=1741157124590; https://bizweb.dktcdn.net/thumb/medium/100/485/982/products/5-1741157116611.jpg?v=1741157125347; https://bizweb.dktcdn.net/thumb/medium/100/485/982/products/6-1741157116617.jpg?v=1741157126530; https://bizweb.dktcdn.net/thumb/medium/100/485/982/products/7-1741157116621.jpg?v=1741157127357; https://bizweb.dktcdn.net/thumb/medium/100/485/982/products/8-1741157116625.jpg?v=1741157128297; https://bizweb.dktcdn.net/thumb/medium/100/485/982/products/9-1741157116630.jpg?v=1741157129430; https://bizweb.dktcdn.net/thumb/medium/100/485/982/products/10-1741157116638.jpg?v=1741157130183,Chạy bộ,"Giày chạy bộ Jogarbola CloudStep – Bước nhẹ như mây, chạy bền không ngại; Jogarbola CloudStep là lựa chọn hoàn hảo cho những ai đam mê chạy bộ, từ luyện tập hàng ngày, chạy nghiệp dư đến bán chuyên. Sự kết hợp giữa công nghệ hiện đại và chất liệu cao cấp giúp tối ưu hiệu suất, mang lại cảm giác êm ái, ổn định và bền bỉ trên mọi cung đường.; Đặc điểm nổi bật; Thiết kế upper sử dụng chất liệu vải dệt cao cấp thoáng khí, giúp lưu thông không khí tối đa, giữ cho bàn chân luôn khô ráo, thoải mái ngay cả khi chạy đường dài. Cấu trúc ôm chân vừa vặn, hạn chế ma sát và tăng sự linh hoạt trong từng bước chạy.; Công nghệ Flyknit+ kết hợp công nghệ Seamless ở mũi giày giúp loại bỏ các đường may, tạo nên thiết kế liền mạch, tối ưu độ mềm mại nhưng vẫn đảm bảo độ bền. Ngoài ra giúp tăng tính thẩm mỹ mà còn hỗ trợ sự linh hoạt, giúp bàn chân vận động thoải mái và tự nhiên hơn.; Đôi giày Jogarbola CloudStep còn được tích hợp thanh carbon siêu nhẹ trong đế giày - công nghệ chỉ có ở những đôi giày cao cấp, giúp giữ sự ổn định trong từng bước chạy. Bên cạnh đó, vật liệu này còn giúp giảm chấn động đồng thời tăng lực đẩy và tái tạo năng lượng hiệu quả, giúp bạn duy trì tốc độ bền bỉ khi chạy trên quãng đường dài.; Lớp đế cao su với thiết kế rãnh đặc biệt giúp tăng độ bám trên nhiều bề mặt, kể cả địa hình ướt hay gồ ghề. Chất liệu cao su có độ bền cao, hạn chế mài mòn, giúp bạn duy trì hiệu suất ổn định trong thời gian dài.; Hệ thống đế MD cao cấp có khả năng tăng độ êm ái, hấp thụ lực tốt, giảm áp lực lên bàn chân và khớp gối khi tiếp đất. Điều này giúp giảm nguy cơ chấn thương và duy trì phong độ trong suốt quá trình tập luyện.; Thông số kỹ thuật; Chất liệu; : Vải dệt; Màu; : Dark Grey, White, Blue; Size; : 39-44",990.000₫,https://shop.webthethao.vn/giay-the-thao-chay-bo-jogarbola-cloud-step-dark-grey-jg-cloud-02-hang-chinh-hang
"Giày thể thao chạy bộ Jogarbola Cloud Step ""Blue"" JG-CLOUD-03 - Hàng Chính Hãng",https://bizweb.dktcdn.net/100/485/982/products/1-1741157418150.jpg?v=1741157422597; https://bizweb.dktcdn.net/thumb/medium/100/485/982/products/1-1741157418150.jpg?v=1741157422597; https://bizweb.dktcdn.net/thumb/medium/100/485/982/products/2-1741157418153.jpg?v=1741157424007; https://bizweb.dktcdn.net/thumb/medium/100/485/982/products/3-1741157418158.jpg?v=1741157424787; https://bizweb.dktcdn.net/thumb/medium/100/485/982/products/4-1741157418161.jpg?v=1741157425607; https://bizweb.dktcdn.net/thumb/medium/100/485/982/products/5-1741157418167.jpg?v=1741157426553; https://bizweb.dktcdn.net/thumb/medium/100/485/982/products/6-1741157418174.jpg?v=1741157427447; https://bizweb.dktcdn.net/thumb/medium/100/485/982/products/7-1741157418179.jpg?v=1741157428237; https://bizweb.dktcdn.net/thumb/medium/100/485/982/products/8-1741157418183.jpg?v=1741157429240; https://bizweb.dktcdn.net/thumb/medium/100/485/982/products/9-1741157418188.jpg?v=1741157430627; https://bizweb.dktcdn.net/thumb/medium/100/485/982/products/10-1741157418194.jpg?v=1741157431883,Chạy bộ,"Giày chạy bộ Jogarbola CloudStep – Bước nhẹ như mây, chạy bền không ngại; Jogarbola CloudStep là lựa chọn hoàn hảo cho những ai đam mê chạy bộ, từ luyện tập hàng ngày, chạy nghiệp dư đến bán chuyên. Sự kết hợp giữa công nghệ hiện đại và chất liệu cao cấp giúp tối ưu hiệu suất, mang lại cảm giác êm ái, ổn định và bền bỉ trên mọi cung đường.; Đặc điểm nổi bật; Thiết kế upper sử dụng chất liệu vải dệt cao cấp thoáng khí, giúp lưu thông không khí tối đa, giữ cho bàn chân luôn khô ráo, thoải mái ngay cả khi chạy đường dài. Cấu trúc ôm chân vừa vặn, hạn chế ma sát và tăng sự linh hoạt trong từng bước chạy.; Công nghệ Flyknit+ kết hợp công nghệ Seamless ở mũi giày giúp loại bỏ các đường may, tạo nên thiết kế liền mạch, tối ưu độ mềm mại nhưng vẫn đảm bảo độ bền. Ngoài ra giúp tăng tính thẩm mỹ mà còn hỗ trợ sự linh hoạt, giúp bàn chân vận động thoải mái và tự nhiên hơn.; Đôi giày Jogarbola CloudStep còn được tích hợp thanh carbon siêu nhẹ trong đế giày - công nghệ chỉ có ở những đôi giày cao cấp, giúp giữ sự ổn định trong từng bước chạy. Bên cạnh đó, vật liệu này còn giúp giảm chấn động đồng thời tăng lực đẩy và tái tạo năng lượng hiệu quả, giúp bạn duy trì tốc độ bền bỉ khi chạy trên quãng đường dài.; Lớp đế cao su với thiết kế rãnh đặc biệt giúp tăng độ bám trên nhiều bề mặt, kể cả địa hình ướt hay gồ ghề. Chất liệu cao su có độ bền cao, hạn chế mài mòn, giúp bạn duy trì hiệu suất ổn định trong thời gian dài.; Hệ thống đế MD cao cấp có khả năng tăng độ êm ái, hấp thụ lực tốt, giảm áp lực lên bàn chân và khớp gối khi tiếp đất. Điều này giúp giảm nguy cơ chấn thương và duy trì phong độ trong suốt quá trình tập luyện.; Thông số kỹ thuật; Chất liệu; : Vải dệt; Màu; : Dark Grey, White, Blue; Size; : 39-44",990.000₫,https://shop.webthethao.vn/giay-the-thao-chay-bo-jogarbola-cloud-step-blue-jg-cloud-03-hang-chinh-hang
"Giày thể thao chạy bộ Jogarbola Kaze ""Black"" JG-KAZE-01 - Hàng Chính Hãng",https://bizweb.dktcdn.net/100/485/982/products/1-1741150371244.jpg?v=1741150960873; https://bizweb.dktcdn.net/thumb/medium/100/485/982/products/1-1741150371244.jpg?v=1741150960873; https://bizweb.dktcdn.net/thumb/medium/100/485/982/products/2-1741150371248.jpg?v=1741150961560; https://bizweb.dktcdn.net/thumb/medium/100/485/982/products/3-1741150371252.jpg?v=1741150962060; https://bizweb.dktcdn.net/thumb/medium/100/485/982/products/4-1741150371254.jpg?v=1741150962527; https://bizweb.dktcdn.net/thumb/medium/100/485/982/products/5-1741150371259.jpg?v=1741150963623; https://bizweb.dktcdn.net/thumb/medium/100/485/982/products/6-1741150371263.jpg?v=1741150964537; https://bizweb.dktcdn.net/thumb/medium/100/485/982/products/7-1741150371266.jpg?v=1741150965910; https://bizweb.dktcdn.net/thumb/medium/100/485/982/products/8-1741150371270.jpg?v=1741150966853; https://bizweb.dktcdn.net/thumb/medium/100/485/982/products/9-1741150371274.jpg?v=1741150968447; https://bizweb.dktcdn.net/thumb/medium/100/485/982/products/10-1741150371282.jpg?v=1741150969947,Chạy bộ,"Giày Chạy Jogarbola Kaze – Lướt nhẹ như gió, bứt tốc không khó; Giày chạy Jogarbola Kaze là người bạn đồng hành lý tưởng cho mọi runner, từ những buổi chạy nhẹ nhàng hằng ngày đến những chặng đua bán chuyên đầy thử thách. Sự kết hợp giữa công nghệ tiên tiến và chất liệu cao cấp giúp tối ưu tốc độ, giảm áp lực lên chân và mang lại trải nghiệm chạy bền bỉ, thoải mái.; Đặc điểm nổi bật; Phần upper sử dụng chất liệu vải dệt cao cấp với cấu trúc sợi siêu nhẹ, hỗ trợ lưu thông không khí, giúp chân luôn khô ráo ngay cả khi chạy ở cường độ cao. Lớp vải mềm mại ôm chân vừa vặn, giảm tình trạng ma sát, hạn chế phồng rộp khi di chuyển liên tục.; Giày được trang bị thanh carbon - công nghệ chỉ có trên những đôi giày chạy bộ cao cấp. Cấu trúc này giúp hạn chế thất thoát năng lượng, hỗ trợ chuyển đổi lực hiệu quả, giúp người chạy duy trì tốc độ tốt hơn trên quãng đường dài. Giày chạy bộ không chỉ giúp người chạy có những bước chạy mạnh mẽ và hiệu quả hơn mà còn giảm tiêu hao năng lượng, đồng thời hạn chế tình trạng đau nhức sau khi tập luyện.; Jogarbola Kaze được trang bị mũi giày Flyknit+ kết hợp công nghệ Seamless, giúp giảm tối đa các đường may, tạo nên kết cấu liền mạch, mềm mại và thoáng khí. Thiết kế này không chỉ giúp giày có tính thẩm mỹ cao mà còn giữ được độ bền, đảm bảo sự linh hoạt và ôm chân hoàn hảo.; Hệ thống đế Boost siêu nhẹ mang lại cảm giác êm ái vượt trội, hấp thụ lực tác động từ mặt đường và hoàn trả năng lượng, giúp người chạy duy trì nhịp độ ổn định. Độ đàn hồi cao giúp giảm tình trạng mỏi chân sau những buổi chạy dài, tăng cường hiệu suất và sự thoải mái trong từng bước chạy.; Phần đế ngoài sử dụng chất liệu ETPU chống mài mòn, đảm bảo độ bám tốt trên nhiều bề mặt khác nhau, kể cả đường ướt hay địa hình không bằng phẳng. Thiết kế đế có các rãnh tăng cường độ ma sát, giúp bước chạy chắc chắn và an toàn hơn.; Thông số kỹ thuật; Chất liệu; : Vải dệt; Màu; : Orange, Purple, Grey, Black; Size; : 39-44",1.190.000₫,https://shop.webthethao.vn/giay-the-thao-chay-bo-jogarbola-kaze-black-jg-kaze-01-hang-chinh-hang
"Giày thể thao chạy bộ Jogarbola Kaze ""Grey"" JG-KAZE-02 - Hàng Chính Hãng",https://bizweb.dktcdn.net/100/485/982/products/1-1741165427839.jpg?v=1741171499417; https://bizweb.dktcdn.net/thumb/medium/100/485/982/products/1-1741165427839.jpg?v=1741171499417; https://bizweb.dktcdn.net/thumb/medium/100/485/982/products/2-1741165427842.jpg?v=1741171500293; https://bizweb.dktcdn.net/thumb/medium/100/485/982/products/3-1741165427847.jpg?v=1741171500977; https://bizweb.dktcdn.net/thumb/medium/100/485/982/products/4-1741165427850.jpg?v=1741171501663; https://bizweb.dktcdn.net/thumb/medium/100/485/982/products/5-1741165427856.jpg?v=1741171502353; https://bizweb.dktcdn.net/thumb/medium/100/485/982/products/6-1741165427861.jpg?v=1741171503087; https://bizweb.dktcdn.net/thumb/medium/100/485/982/products/7-1741165427865.jpg?v=1741171503783; https://bizweb.dktcdn.net/thumb/medium/100/485/982/products/8-1741165427871.jpg?v=1741171504460; https://bizweb.dktcdn.net/thumb/medium/100/485/982/products/9-1741165427876.jpg?v=1741171505137; https://bizweb.dktcdn.net/thumb/medium/100/485/982/products/10-1741165427884.jpg?v=1741171505823,Chạy bộ,"Giày Chạy Jogarbola Kaze – Lướt nhẹ như gió, bứt tốc không khó; Giày chạy Jogarbola Kaze là người bạn đồng hành lý tưởng cho mọi runner, từ những buổi chạy nhẹ nhàng hằng ngày đến những chặng đua bán chuyên đầy thử thách. Sự kết hợp giữa công nghệ tiên tiến và chất liệu cao cấp giúp tối ưu tốc độ, giảm áp lực lên chân và mang lại trải nghiệm chạy bền bỉ, thoải mái.; Đặc điểm nổi bật; Phần upper sử dụng chất liệu vải dệt cao cấp với cấu trúc sợi siêu nhẹ, hỗ trợ lưu thông không khí, giúp chân luôn khô ráo ngay cả khi chạy ở cường độ cao. Lớp vải mềm mại ôm chân vừa vặn, giảm tình trạng ma sát, hạn chế phồng rộp khi di chuyển liên tục.; Giày được trang bị thanh carbon - công nghệ chỉ có trên những đôi giày chạy bộ cao cấp. Cấu trúc này giúp hạn chế thất thoát năng lượng, hỗ trợ chuyển đổi lực hiệu quả, giúp người chạy duy trì tốc độ tốt hơn trên quãng đường dài. Giày chạy bộ không chỉ giúp người chạy có những bước chạy mạnh mẽ và hiệu quả hơn mà còn giảm tiêu hao năng lượng, đồng thời hạn chế tình trạng đau nhức sau khi tập luyện.; Jogarbola Kaze được trang bị mũi giày Flyknit+ kết hợp công nghệ Seamless, giúp giảm tối đa các đường may, tạo nên kết cấu liền mạch, mềm mại và thoáng khí. Thiết kế này không chỉ giúp giày có tính thẩm mỹ cao mà còn giữ được độ bền, đảm bảo sự linh hoạt và ôm chân hoàn hảo.; Hệ thống đế Boost siêu nhẹ mang lại cảm giác êm ái vượt trội, hấp thụ lực tác động từ mặt đường và hoàn trả năng lượng, giúp người chạy duy trì nhịp độ ổn định. Độ đàn hồi cao giúp giảm tình trạng mỏi chân sau những buổi chạy dài, tăng cường hiệu suất và sự thoải mái trong từng bước chạy.; Phần đế ngoài sử dụng chất liệu ETPU chống mài mòn, đảm bảo độ bám tốt trên nhiều bề mặt khác nhau, kể cả đường ướt hay địa hình không bằng phẳng. Thiết kế đế có các rãnh tăng cường độ ma sát, giúp bước chạy chắc chắn và an toàn hơn.; Thông số kỹ thuật; Chất liệu; : Vải dệt; Màu; : Orange, Purple, Grey, Black; Size; : 39-44",1.190.000₫,https://shop.webthethao.vn/giay-the-thao-chay-bo-jogarbola-kaze-grey-jg-kaze-02-hang-chinh-hang
"Giày thể thao chạy bộ Jogarbola Kaze ""Orange"" JG-KAZE-03 - Hàng Chính Hãng",https://bizweb.dktcdn.net/100/485/982/products/1-1741165741459.jpg?v=1741171509863; https://bizweb.dktcdn.net/thumb/medium/100/485/982/products/1-1741165741459.jpg?v=1741171509863; https://bizweb.dktcdn.net/thumb/medium/100/485/982/products/2-1741165741463.jpg?v=1741171510340; https://bizweb.dktcdn.net/thumb/medium/100/485/982/products/3-1741165741467.jpg?v=1741171510803; https://bizweb.dktcdn.net/thumb/medium/100/485/982/products/4-1741165741470.jpg?v=1741171511263; https://bizweb.dktcdn.net/thumb/medium/100/485/982/products/5-1741165741474.jpg?v=1741171512617; https://bizweb.dktcdn.net/thumb/medium/100/485/982/products/6-1741165741478.jpg?v=1741171513627; https://bizweb.dktcdn.net/thumb/medium/100/485/982/products/7-1741165741481.jpg?v=1741171514813; https://bizweb.dktcdn.net/thumb/medium/100/485/982/products/8-1741165741485.jpg?v=1741171516173; https://bizweb.dktcdn.net/thumb/medium/100/485/982/products/9-1741165741489.jpg?v=1741171517380; https://bizweb.dktcdn.net/thumb/medium/100/485/982/products/10-1741165741496.jpg?v=1741171518453,Chạy bộ,"Giày Chạy Jogarbola Kaze – Lướt nhẹ như gió, bứt tốc không khó; Giày chạy Jogarbola Kaze là người bạn đồng hành lý tưởng cho mọi runner, từ những buổi chạy nhẹ nhàng hằng ngày đến những chặng đua bán chuyên đầy thử thách. Sự kết hợp giữa công nghệ tiên tiến và chất liệu cao cấp giúp tối ưu tốc độ, giảm áp lực lên chân và mang lại trải nghiệm chạy bền bỉ, thoải mái.; Đặc điểm nổi bật; Phần upper sử dụng chất liệu vải dệt cao cấp với cấu trúc sợi siêu nhẹ, hỗ trợ lưu thông không khí, giúp chân luôn khô ráo ngay cả khi chạy ở cường độ cao. Lớp vải mềm mại ôm chân vừa vặn, giảm tình trạng ma sát, hạn chế phồng rộp khi di chuyển liên tục.; Giày được trang bị thanh carbon - công nghệ chỉ có trên những đôi giày chạy bộ cao cấp. Cấu trúc này giúp hạn chế thất thoát năng lượng, hỗ trợ chuyển đổi lực hiệu quả, giúp người chạy duy trì tốc độ tốt hơn trên quãng đường dài. Giày chạy bộ không chỉ giúp người chạy có những bước chạy mạnh mẽ và hiệu quả hơn mà còn giảm tiêu hao năng lượng, đồng thời hạn chế tình trạng đau nhức sau khi tập luyện.; Jogarbola Kaze được trang bị mũi giày Flyknit+ kết hợp công nghệ Seamless, giúp giảm tối đa các đường may, tạo nên kết cấu liền mạch, mềm mại và thoáng khí. Thiết kế này không chỉ giúp giày có tính thẩm mỹ cao mà còn giữ được độ bền, đảm bảo sự linh hoạt và ôm chân hoàn hảo.; Hệ thống đế Boost siêu nhẹ mang lại cảm giác êm ái vượt trội, hấp thụ lực tác động từ mặt đường và hoàn trả năng lượng, giúp người chạy duy trì nhịp độ ổn định. Độ đàn hồi cao giúp giảm tình trạng mỏi chân sau những buổi chạy dài, tăng cường hiệu suất và sự thoải mái trong từng bước chạy.; Phần đế ngoài sử dụng chất liệu ETPU chống mài mòn, đảm bảo độ bám tốt trên nhiều bề mặt khác nhau, kể cả đường ướt hay địa hình không bằng phẳng. Thiết kế đế có các rãnh tăng cường độ ma sát, giúp bước chạy chắc chắn và an toàn hơn.; Thông số kỹ thuật; Chất liệu; : Vải dệt; Màu; : Orange, Purple, Grey, Black; Size; : 39-44",1.190.000₫,https://shop.webthethao.vn/giay-the-thao-chay-bo-jogarbola-kaze-orange-jg-kaze-03-hang-chinh-hang
"Giày thể thao chạy bộ Jogarbola Kaze ""Navy"" JG-KAZE-04 - Hàng Chính Hãng",https://bizweb.dktcdn.net/100/485/982/products/1-1741166064108.jpg?v=1741171521373; https://bizweb.dktcdn.net/thumb/medium/100/485/982/products/1-1741166064108.jpg?v=1741171521373; https://bizweb.dktcdn.net/thumb/medium/100/485/982/products/2-1741166064112.jpg?v=1741171522563; https://bizweb.dktcdn.net/thumb/medium/100/485/982/products/3-1741166064116.jpg?v=1741171523427; https://bizweb.dktcdn.net/thumb/medium/100/485/982/products/4-1741166064120.jpg?v=1741171524720; https://bizweb.dktcdn.net/thumb/medium/100/485/982/products/5-1741166064125.jpg?v=1741171525940; https://bizweb.dktcdn.net/thumb/medium/100/485/982/products/6-1741166064130.jpg?v=1741171526770; https://bizweb.dktcdn.net/thumb/medium/100/485/982/products/7-1741166064134.jpg?v=1741171527543; https://bizweb.dktcdn.net/thumb/medium/100/485/982/products/8-1741166064138.jpg?v=1741171528767; https://bizweb.dktcdn.net/thumb/medium/100/485/982/products/9-1741166064142.jpg?v=1741171530090; https://bizweb.dktcdn.net/thumb/medium/100/485/982/products/10-1741166064150.jpg?v=1741171531480,Chạy bộ,"Giày Chạy Jogarbola Kaze – Lướt nhẹ như gió, bứt tốc không khó; Giày chạy Jogarbola Kaze là người bạn đồng hành lý tưởng cho mọi runner, từ những buổi chạy nhẹ nhàng hằng ngày đến những chặng đua bán chuyên đầy thử thách. Sự kết hợp giữa công nghệ tiên tiến và chất liệu cao cấp giúp tối ưu tốc độ, giảm áp lực lên chân và mang lại trải nghiệm chạy bền bỉ, thoải mái.; Đặc điểm nổi bật; Phần upper sử dụng chất liệu vải dệt cao cấp với cấu trúc sợi siêu nhẹ, hỗ trợ lưu thông không khí, giúp chân luôn khô ráo ngay cả khi chạy ở cường độ cao. Lớp vải mềm mại ôm chân vừa vặn, giảm tình trạng ma sát, hạn chế phồng rộp khi di chuyển liên tục.; Giày được trang bị thanh carbon - công nghệ chỉ có trên những đôi giày chạy bộ cao cấp. Cấu trúc này giúp hạn chế thất thoát năng lượng, hỗ trợ chuyển đổi lực hiệu quả, giúp người chạy duy trì tốc độ tốt hơn trên quãng đường dài. Giày chạy bộ không chỉ giúp người chạy có những bước chạy mạnh mẽ và hiệu quả hơn mà còn giảm tiêu hao năng lượng, đồng thời hạn chế tình trạng đau nhức sau khi tập luyện.; Jogarbola Kaze được trang bị mũi giày Flyknit+ kết hợp công nghệ Seamless, giúp giảm tối đa các đường may, tạo nên kết cấu liền mạch, mềm mại và thoáng khí. Thiết kế này không chỉ giúp giày có tính thẩm mỹ cao mà còn giữ được độ bền, đảm bảo sự linh hoạt và ôm chân hoàn hảo.; Hệ thống đế Boost siêu nhẹ mang lại cảm giác êm ái vượt trội, hấp thụ lực tác động từ mặt đường và hoàn trả năng lượng, giúp người chạy duy trì nhịp độ ổn định. Độ đàn hồi cao giúp giảm tình trạng mỏi chân sau những buổi chạy dài, tăng cường hiệu suất và sự thoải mái trong từng bước chạy.; Phần đế ngoài sử dụng chất liệu ETPU chống mài mòn, đảm bảo độ bám tốt trên nhiều bề mặt khác nhau, kể cả đường ướt hay địa hình không bằng phẳng. Thiết kế đế có các rãnh tăng cường độ ma sát, giúp bước chạy chắc chắn và an toàn hơn.; Thông số kỹ thuật; Chất liệu; : Vải dệt; Màu; : Orange, Purple, Grey, Black; Size; : 39-44",1.190.000₫,https://shop.webthethao.vn/giay-the-thao-chay-bo-jogarbola-kaze-navy-jg-kaze-04-hang-chinh-hang
"Giày chạy bộ Skechers Go Run Pure 4 ""Black/Whtie"" 172082-BKW - Hàng Chính Hãng",https://bizweb.dktcdn.net/100/485/982/products/1-1710229262544.jpg?v=1710229269020; https://bizweb.dktcdn.net/thumb/medium/100/485/982/products/1-1710229262544.jpg?v=1710229269020; https://bizweb.dktcdn.net/thumb/medium/100/485/982/products/image-1710228545310.png?v=1710229269020; https://bizweb.dktcdn.net/thumb/medium/100/485/982/products/image-1710228545311.png?v=1710229269020; https://bizweb.dktcdn.net/thumb/medium/100/485/982/products/image-1710228545319.png?v=1710229269020; https://bizweb.dktcdn.net/thumb/medium/100/485/982/products/image-1710228545324.png?v=1710229269020; https://bizweb.dktcdn.net/thumb/medium/100/485/982/products/image-1710228545331.png?v=1710229269020,Chạy bộ,"Giày chạy bộ Skechers Go Run Ride; Bước vào một trải nghiệm chạy nhẹ nhàng và hỗ trợ đỉnh cao với Giày Chạy Bộ Nam Skechers Go Run Ride 11. Với thiết kế chất lượng này, bạn sẽ có cơ hội trải nghiệm sự thoải mái tối đa và sự hỗ trợ độc đáo từ hệ thống lót chân Skechers Arch Fit® được chứng nhận bởi bác sĩ chuyên khoa, chất liệu vải lưới kỹ thuật và tổ hợp công nghệ đột phá HYPER BURST ICE™ và HYPER ARC™. Chưa hết, đế Goodyear® Performance Outsole mang lại độ bám, ổn định và bền vững đỉnh cao.; Trọng lượng (g/chiếc): 300; Chiều cao đế: Từ 2 cm - 4 cm; Chất liệu thân giày: Vải dệt, Lưới tổng hợp; Bề mặt sử dụng: Đường chạy; Công nghệ: Arch Fit, Hyper Burst Ice, Hyper Arc, Goodyear® Performance; Cổ giày: Cổ thấp; Độ đệm: Siêu nhạy; ***; Shop.webthethao.vn; SẮM ĐỒ CHẤT - GIÁ HỜI NHẤT; Liên hệ (Zalo/hotline):; 0823.885.888; SHOP.WEBTHETHAO.VN là cửa hàng trực tuyến uy tín chuyên cung cấp các sản phẩm thể thao chất lượng cao với giá tốt nhất. Là cửa hàng phân phối các sản phẩm thể thao chính hãng, thương hiệu hàng đầu trong nước và quốc tế. Hãy liên hệ với chúng tôi để được tư vấn, mua hàng nhanh chóng và tiết kiệm nhất qua hotline/zalo; 0823.885.888",1.245.000₫,https://shop.webthethao.vn/giay-chay-bo-skechers-go-run-pure-4-black-whtie-172082-bkw-hang-chinh-hang
"Giày chạy bộ Skechers Go Run Pure 4 ""Navy/Black"" 246082-NVBL - Hàng Chính Hãng",https://bizweb.dktcdn.net/100/485/982/products/3-1710229279741.jpg?v=1710229284010; https://bizweb.dktcdn.net/thumb/medium/100/485/982/products/3-1710229279741.jpg?v=1710229284010; https://bizweb.dktcdn.net/thumb/medium/100/485/982/products/image-1710228754698.png?v=1710229284010; https://bizweb.dktcdn.net/thumb/medium/100/485/982/products/image-1710228754706.png?v=1710229284010; https://bizweb.dktcdn.net/thumb/medium/100/485/982/products/image-1710228754718.png?v=1710229284010; https://bizweb.dktcdn.net/thumb/medium/100/485/982/products/image-1710228754727.png?v=1710229284010; https://bizweb.dktcdn.net/thumb/medium/100/485/982/products/image-1710228754744.png?v=1710229284010,Chạy bộ,"Giày chạy bộ Skechers Go Run Ride; Bước vào một trải nghiệm chạy nhẹ nhàng và hỗ trợ đỉnh cao với Giày Chạy Bộ Nam Skechers Go Run Ride 11. Với thiết kế chất lượng này, bạn sẽ có cơ hội trải nghiệm sự thoải mái tối đa và sự hỗ trợ độc đáo từ hệ thống lót chân Skechers Arch Fit® được chứng nhận bởi bác sĩ chuyên khoa, chất liệu vải lưới kỹ thuật và tổ hợp công nghệ đột phá HYPER BURST ICE™ và HYPER ARC™. Chưa hết, đế Goodyear® Performance Outsole mang lại độ bám, ổn định và bền vững đỉnh cao.; Trọng lượng (g/chiếc): 300; Chiều cao đế: Từ 2 cm - 4 cm; Chất liệu thân giày: Vải dệt, Lưới tổng hợp; Bề mặt sử dụng: Đường chạy; Công nghệ: Arch Fit, Hyper Burst Ice, Hyper Arc, Goodyear® Performance; Cổ giày: Cổ thấp; Độ đệm: Siêu nhạy; ***; Shop.webthethao.vn; SẮM ĐỒ CHẤT - GIÁ HỜI NHẤT; Liên hệ (Zalo/hotline):; 0823.885.888; SHOP.WEBTHETHAO.VN là cửa hàng trực tuyến uy tín chuyên cung cấp các sản phẩm thể thao chất lượng cao với giá tốt nhất. Là cửa hàng phân phối các sản phẩm thể thao chính hãng, thương hiệu hàng đầu trong nước và quốc tế. Hãy liên hệ với chúng tôi để được tư vấn, mua hàng nhanh chóng và tiết kiệm nhất qua hotline/zalo; 0823.885.888",1.245.000₫,https://shop.webthethao.vn/giay-chay-bo-skechers-go-run-pure-4-navy-black-246082-nvbl-hang-chinh-hang
"Giày chạy bộ Skechers Go Run Ride 11 ""Yellow"" 246079-YEL - Hàng Chính Hãng",https://bizweb.dktcdn.net/100/485/982/products/4-1710229287763.jpg?v=1710229293123; https://bizweb.dktcdn.net/thumb/medium/100/485/982/products/4-1710229287763.jpg?v=1710229293123; https://bizweb.dktcdn.net/thumb/medium/100/485/982/products/image-1710228885509.png?v=1710229293123; https://bizweb.dktcdn.net/thumb/medium/100/485/982/products/image-1710228885516.png?v=1710229293123; https://bizweb.dktcdn.net/thumb/medium/100/485/982/products/image-1710228885522.png?v=1710229293123; https://bizweb.dktcdn.net/thumb/medium/100/485/982/products/image-1710228885527.png?v=1710229293123; https://bizweb.dktcdn.net/thumb/medium/100/485/982/products/image-1710228885537.png?v=1710229293123,Chạy bộ,"Giày chạy bộ Skechers Go Run Ride; Bước vào một trải nghiệm chạy nhẹ nhàng và hỗ trợ đỉnh cao với Giày Chạy Bộ Nam Skechers Go Run Ride 11. Với thiết kế chất lượng này, bạn sẽ có cơ hội trải nghiệm sự thoải mái tối đa và sự hỗ trợ độc đáo từ hệ thống lót chân Skechers Arch Fit® được chứng nhận bởi bác sĩ chuyên khoa, chất liệu vải lưới kỹ thuật và tổ hợp công nghệ đột phá HYPER BURST ICE™ và HYPER ARC™. Chưa hết, đế Goodyear® Performance Outsole mang lại độ bám, ổn định và bền vững đỉnh cao.; Trọng lượng (g/chiếc): 300; Chiều cao đế: Từ 2 cm - 4 cm; Chất liệu thân giày: Vải dệt, Lưới tổng hợp; Bề mặt sử dụng: Đường chạy; Công nghệ: Arch Fit, Hyper Burst Ice, Hyper Arc, Goodyear® Performance; Cổ giày: Cổ thấp; Độ đệm: Siêu nhạy; ***; Shop.webthethao.vn; SẮM ĐỒ CHẤT - GIÁ HỜI NHẤT; Liên hệ (Zalo/hotline):; 0823.885.888; SHOP.WEBTHETHAO.VN là cửa hàng trực tuyến uy tín chuyên cung cấp các sản phẩm thể thao chất lượng cao với giá tốt nhất. Là cửa hàng phân phối các sản phẩm thể thao chính hãng, thương hiệu hàng đầu trong nước và quốc tế. Hãy liên hệ với chúng tôi để được tư vấn, mua hàng nhanh chóng và tiết kiệm nhất qua hotline/zalo; 0823.885.888",1.795.000₫,https://shop.webthethao.vn/giay-chay-bo-skechers-go-run-ride-11-yellow-246079-yel-hang-chinh-hang
"Giày Thể Thao Chạy Bộ Nam Động Lực Jogarbola ""Sky Blue / Gray"" JG-23066-01 - Hàng Chính Hãng",https://bizweb.dktcdn.net/100/485/982/products/2-1716900340112.jpg?v=1723278676733; https://bizweb.dktcdn.net/thumb/medium/100/485/982/products/2-1716900340112.jpg?v=1723278676733; https://bizweb.dktcdn.net/thumb/medium/100/485/982/products/image-1716899812998.png?v=1723278676733; https://bizweb.dktcdn.net/thumb/medium/100/485/982/products/image-1716899813003.png?v=1723278676733; https://bizweb.dktcdn.net/thumb/medium/100/485/982/products/image-1716899813011.png?v=1723278676733; https://bizweb.dktcdn.net/thumb/medium/100/485/982/products/image-1716899813015.png?v=1723278676733; https://bizweb.dktcdn.net/thumb/medium/100/485/982/products/image-1716899813024.png?v=1723278676733; https://bizweb.dktcdn.net/thumb/medium/100/485/982/products/image-1716899813029.png?v=1723278676733; https://bizweb.dktcdn.net/thumb/medium/100/485/982/products/image-1716899813035.png?v=1723278676733; https://bizweb.dktcdn.net/thumb/medium/100/485/982/products/image-1716899813047.png?v=1723278676733; https://bizweb.dktcdn.net/thumb/medium/100/485/982/products/image-1716899813053.png?v=1723278676733,Chạy bộ,"Mềm mại, thoáng khí, bền bỉ, giày thời trang Jogarbola JG-23066 mẫu mới được sản xuất theo tiêu chuẩn Nhật Bản sẽ là bạn đồng hành hoàn hảo trong mọi hoàn cảnh: đi tập, đi làm, đi học, đi chơi.; Sản phẩm sở hữu form dáng khỏe khoắn, thích hợp để kết hợp trong nhiều set đồ.; - Thương hiệu: JOGARBOLA; - Xuất xứ thương hiệu: Nhật Bản; - Giày chạy bộ Jogarbola JG-23066 được áp dụng công nghệ đế giày MD siêu nhẹ, mềm mại và linh hoạt, được đánh giá là vật liệu đế lý tưởng nhất cho các mẫu giày chạy bộ chuyên dụng. Đế ngoài bằng cao su cao cấp, cho phép bạn chạy nhảy thoải mái trên mọi loại địa hình.; - Đặc biệt, mũi giày được làm từ vải Jacquard mềm mại, siêu bền, hút ẩm tốt với thiết kế các lỗ thoáng khí nhỏ, giúp bạn luôn có cảm giác thoải mái, không bí bạch khi đi giày.; - Sở hữu thiết kế tối giản nhưng vẫn vô cùng mạnh mẽ với đường vân trắng gợi nhớ đến hình ảnh tia sét tốc độ, giày chạy bộ Jogarbola JG-23066 không chỉ là mẫu giày chạy lý tưởng trên mọi cung đường, mà còn là item thời trang năng động có thể kết hợp với mói set đồ, dù là thể thao, hiphop hay casual.; - Jogarbola JG-23066 hứa hẹn sẽ là item mang cảm hứng năng động dễ dàng kết hợp mọi set đồ, dù là thể thao, hip hop hay casual.; Bảng size giày; Chiều dài chân; 22 - 22.5 cm; 23 cm; 23.5 cm; 24 cm; 24.5 cm; 25 - 25.5 cm; 26 cm; 27 cm; 28 cm; 29 cm; Cỡ giày; 36; 37; 38; 39; 40; 41; 42; 43; 44; 45; Hướng dẫn sử dụng Giày chạy bộ nam nữ thể thao Jogarbola JG23066; - Để giày ở nơi khô ráo, thoáng mát; - Không giặt tẩy bằng các chất tẩy rửa mạnh, có thể dùng ( vỏ chuối, sữa tươi , giấm... ); - Không nên ngâm nước quá lâu; - Đối với các sản phẩm sáng màu không nên phơi nắng trực tiếp; Bảo hành và CSKH; - Webthethao cam kết hoàn tiền 100% giá bán sản phẩm hoặc đổi mới sản phẩm cho quý khách trong thời hạn 07 ngày tính từ khi khách hàng nhận được sản phẩm, khi sản phẩm bị những lỗi như sau:; + Giao sai mẫu; + Sản phẩm bị lỗi do nhà sản xuất khiến bạn không thể sử dụng được; + Sản phẩm bị hư hỏng, trầy xước trong quá trình vận chuyển hay do bao bì đóng gói không đạt tiêu chuẩn; ---------------------------------------------------------------------------------------; Shop.webthethao.vn; SẮM ĐỒ CHẤT - GIÁ HỜI NHẤT; Liên hệ (Zalo/hotline):; 0823.885.888; SHOP.WEBTHETHAO.VN là cửa hàng trực tuyến uy tín chuyên cung cấp các sản phẩm thể thao chất lượng cao với giá tốt nhất. Là cửa hàng phân phối các sản phẩm thể thao chính hãng, thương hiệu hàng đầu trong nước và quốc tế. Hãy liên hệ với chúng tôi để được tư vấn, mua hàng nhanh chóng và tiết kiệm nhất qua hotline/zalo; 0823.885.888",649.000₫,https://shop.webthethao.vn/giay-the-thao-chay-bo-nam-dong-luc-jogarbola-xam-jg-23066-01-hang-chinh-hang
"Giày Thể Thao Chạy Bộ Nam Động Lực Jogarbola ""Navy"" JG-23066-02 - Hàng Chính Hãng",https://bizweb.dktcdn.net/100/485/982/products/3-1716900354384.jpg?v=1716900430397; https://bizweb.dktcdn.net/thumb/medium/100/485/982/products/3-1716900354384.jpg?v=1716900430397; https://bizweb.dktcdn.net/thumb/medium/100/485/982/products/image-1716899942549.png?v=1716900430923; https://bizweb.dktcdn.net/thumb/medium/100/485/982/products/image-1716899942561.png?v=1716900431440; https://bizweb.dktcdn.net/thumb/medium/100/485/982/products/image-1716899942566.png?v=1716900432013; https://bizweb.dktcdn.net/thumb/medium/100/485/982/products/image-1716899942570.png?v=1716900432363; https://bizweb.dktcdn.net/thumb/medium/100/485/982/products/image-1716899942576.png?v=1716900432883; https://bizweb.dktcdn.net/thumb/medium/100/485/982/products/image-1716899942582.png?v=1716900433567; https://bizweb.dktcdn.net/thumb/medium/100/485/982/products/image-1716899942589.png?v=1716900434070; https://bizweb.dktcdn.net/thumb/medium/100/485/982/products/image-1716899942595.png?v=1716900434630; https://bizweb.dktcdn.net/thumb/medium/100/485/982/products/image-1716899942604.png?v=1716900435127,Chạy bộ,"Mềm mại, thoáng khí, bền bỉ, giày thời trang Jogarbola JG-23066 mẫu mới được sản xuất theo tiêu chuẩn Nhật Bản sẽ là bạn đồng hành hoàn hảo trong mọi hoàn cảnh: đi tập, đi làm, đi học, đi chơi.; Sản phẩm sở hữu form dáng khỏe khoắn, thích hợp để kết hợp trong nhiều set đồ.; - Thương hiệu: JOGARBOLA; - Xuất xứ thương hiệu: Nhật Bản; - Giày chạy bộ Jogarbola JG-23066 được áp dụng công nghệ đế giày MD siêu nhẹ, mềm mại và linh hoạt, được đánh giá là vật liệu đế lý tưởng nhất cho các mẫu giày chạy bộ chuyên dụng. Đế ngoài bằng cao su cao cấp, cho phép bạn chạy nhảy thoải mái trên mọi loại địa hình.; - Đặc biệt, mũi giày được làm từ vải Jacquard mềm mại, siêu bền, hút ẩm tốt với thiết kế các lỗ thoáng khí nhỏ, giúp bạn luôn có cảm giác thoải mái, không bí bạch khi đi giày.; - Sở hữu thiết kế tối giản nhưng vẫn vô cùng mạnh mẽ với đường vân trắng gợi nhớ đến hình ảnh tia sét tốc độ, giày chạy bộ Jogarbola JG-23066 không chỉ là mẫu giày chạy lý tưởng trên mọi cung đường, mà còn là item thời trang năng động có thể kết hợp với mói set đồ, dù là thể thao, hiphop hay casual.; - Jogarbola JG-23066 hứa hẹn sẽ là item mang cảm hứng năng động dễ dàng kết hợp mọi set đồ, dù là thể thao, hip hop hay casual.; Bảng size giày; Chiều dài chân; 22 - 22.5 cm; 23 cm; 23.5 cm; 24 cm; 24.5 cm; 25 - 25.5 cm; 26 cm; 27 cm; 28 cm; 29 cm; Cỡ giày; 36; 37; 38; 39; 40; 41; 42; 43; 44; 45; Hướng dẫn sử dụng Giày chạy bộ nam nữ thể thao Jogarbola JG23066; - Để giày ở nơi khô ráo, thoáng mát; - Không giặt tẩy bằng các chất tẩy rửa mạnh, có thể dùng ( vỏ chuối, sữa tươi , giấm... ); - Không nên ngâm nước quá lâu; - Đối với các sản phẩm sáng màu không nên phơi nắng trực tiếp; Bảo hành và CSKH; - Webthethao cam kết hoàn tiền 100% giá bán sản phẩm hoặc đổi mới sản phẩm cho quý khách trong thời hạn 07 ngày tính từ khi khách hàng nhận được sản phẩm, khi sản phẩm bị những lỗi như sau:; + Giao sai mẫu; + Sản phẩm bị lỗi do nhà sản xuất khiến bạn không thể sử dụng được; + Sản phẩm bị hư hỏng, trầy xước trong quá trình vận chuyển hay do bao bì đóng gói không đạt tiêu chuẩn; ---------------------------------------------------------------------------------------; Shop.webthethao.vn; SẮM ĐỒ CHẤT - GIÁ HỜI NHẤT; Liên hệ (Zalo/hotline):; 0823.885.888; SHOP.WEBTHETHAO.VN là cửa hàng trực tuyến uy tín chuyên cung cấp các sản phẩm thể thao chất lượng cao với giá tốt nhất. Là cửa hàng phân phối các sản phẩm thể thao chính hãng, thương hiệu hàng đầu trong nước và quốc tế. Hãy liên hệ với chúng tôi để được tư vấn, mua hàng nhanh chóng và tiết kiệm nhất qua hotline/zalo; 0823.885.888",649.000₫,https://shop.webthethao.vn/giay-the-thao-chay-bo-nam-dong-luc-jogarbola-xanh-navy-jg-23066-02-hang-chinh-hang
"Giày Thể Thao Chạy Bộ Nam Động Lực Jogarbola ""White/Blue"" JG-23066-03 - Hàng Chính Hãng",https://bizweb.dktcdn.net/100/485/982/products/1-1716900326047.jpg?v=1716900482423; https://bizweb.dktcdn.net/thumb/medium/100/485/982/products/1-1716900326047.jpg?v=1716900482423; https://bizweb.dktcdn.net/thumb/medium/100/485/982/products/image-1716900046841.png?v=1716900483300; https://bizweb.dktcdn.net/thumb/medium/100/485/982/products/image-1716900046853.png?v=1716900483863; https://bizweb.dktcdn.net/thumb/medium/100/485/982/products/image-1716900046858.png?v=1716900484343; https://bizweb.dktcdn.net/thumb/medium/100/485/982/products/image-1716900046863.png?v=1716900485230; https://bizweb.dktcdn.net/thumb/medium/100/485/982/products/image-1716900046870.png?v=1716900485710; https://bizweb.dktcdn.net/thumb/medium/100/485/982/products/image-1716900046875.png?v=1716900485983; https://bizweb.dktcdn.net/thumb/medium/100/485/982/products/image-1716900046882.png?v=1716900486490; https://bizweb.dktcdn.net/thumb/medium/100/485/982/products/image-1716900046888.png?v=1716900486977; https://bizweb.dktcdn.net/thumb/medium/100/485/982/products/image-1716900046896.png?v=1716900487917; https://bizweb.dktcdn.net/thumb/medium/100/485/982/products/image-1716900046914.png?v=1716900488427; https://bizweb.dktcdn.net/thumb/medium/100/485/982/products/image-1716900046920.png?v=1716900488933,Chạy bộ,"Mềm mại, thoáng khí, bền bỉ, giày thời trang Jogarbola JG-23066 mẫu mới được sản xuất theo tiêu chuẩn Nhật Bản sẽ là bạn đồng hành hoàn hảo trong mọi hoàn cảnh: đi tập, đi làm, đi học, đi chơi.; Sản phẩm sở hữu form dáng khỏe khoắn, thích hợp để kết hợp trong nhiều set đồ.; - Thương hiệu: JOGARBOLA; - Xuất xứ thương hiệu: Nhật Bản; - Giày chạy bộ Jogarbola JG-23066 được áp dụng công nghệ đế giày MD siêu nhẹ, mềm mại và linh hoạt, được đánh giá là vật liệu đế lý tưởng nhất cho các mẫu giày chạy bộ chuyên dụng. Đế ngoài bằng cao su cao cấp, cho phép bạn chạy nhảy thoải mái trên mọi loại địa hình.; - Đặc biệt, mũi giày được làm từ vải Jacquard mềm mại, siêu bền, hút ẩm tốt với thiết kế các lỗ thoáng khí nhỏ, giúp bạn luôn có cảm giác thoải mái, không bí bạch khi đi giày.; - Sở hữu thiết kế tối giản nhưng vẫn vô cùng mạnh mẽ với đường vân trắng gợi nhớ đến hình ảnh tia sét tốc độ, giày chạy bộ Jogarbola JG-23066 không chỉ là mẫu giày chạy lý tưởng trên mọi cung đường, mà còn là item thời trang năng động có thể kết hợp với mói set đồ, dù là thể thao, hiphop hay casual.; - Jogarbola JG-23066 hứa hẹn sẽ là item mang cảm hứng năng động dễ dàng kết hợp mọi set đồ, dù là thể thao, hip hop hay casual.; Bảng size giày; Chiều dài chân; 22 - 22.5 cm; 23 cm; 23.5 cm; 24 cm; 24.5 cm; 25 - 25.5 cm; 26 cm; 27 cm; 28 cm; 29 cm; Cỡ giày; 36; 37; 38; 39; 40; 41; 42; 43; 44; 45; Hướng dẫn sử dụng Giày chạy bộ nam nữ thể thao Jogarbola JG23066; - Để giày ở nơi khô ráo, thoáng mát; - Không giặt tẩy bằng các chất tẩy rửa mạnh, có thể dùng ( vỏ chuối, sữa tươi , giấm... ); - Không nên ngâm nước quá lâu; - Đối với các sản phẩm sáng màu không nên phơi nắng trực tiếp; Bảo hành và CSKH; - Webthethao cam kết hoàn tiền 100% giá bán sản phẩm hoặc đổi mới sản phẩm cho quý khách trong thời hạn 07 ngày tính từ khi khách hàng nhận được sản phẩm, khi sản phẩm bị những lỗi như sau:; + Giao sai mẫu; + Sản phẩm bị lỗi do nhà sản xuất khiến bạn không thể sử dụng được; + Sản phẩm bị hư hỏng, trầy xước trong quá trình vận chuyển hay do bao bì đóng gói không đạt tiêu chuẩn; ---------------------------------------------------------------------------------------; ***; Shop.webthethao.vn; SẮM ĐỒ CHẤT - GIÁ HỜI NHẤT; Liên hệ (Zalo/hotline):; 0823.885.888; SHOP.WEBTHETHAO.VN là cửa hàng trực tuyến uy tín chuyên cung cấp các sản phẩm thể thao chất lượng cao với giá tốt nhất. Là cửa hàng phân phối các sản phẩm thể thao chính hãng, thương hiệu hàng đầu trong nước và quốc tế. Hãy liên hệ với chúng tôi để được tư vấn, mua hàng nhanh chóng và tiết kiệm nhất qua hotline/zalo; 0823.885.888",649.000₫,https://shop.webthethao.vn/giay-the-thao-chay-bo-nam-dong-luc-jogarbola-trang-jg-23066-03-hang-chinh-hang
"Giày Thể Thao Chạy Bộ Nam Nữ Động Lực Jogarbola VN32 ""Triple Black"" JG-VN32-05 - Hàng Chính Hãng",https://bizweb.dktcdn.net/100/485/982/products/00-1705993947905.jpg?v=1705993953663; https://bizweb.dktcdn.net/thumb/medium/100/485/982/products/00-1705993947905.jpg?v=1705993953663; https://bizweb.dktcdn.net/thumb/medium/100/485/982/products/2-2-cb72b39aaabf4fea812420a5b0-1705993948435.jpg?v=1705993954947; https://bizweb.dktcdn.net/thumb/medium/100/485/982/products/2-3-f1efebe204b3470982b71ad966-1705993949444.jpg?v=1705993956680; https://bizweb.dktcdn.net/thumb/medium/100/485/982/products/2-4-0c55817103d947c4802ba59cd3-1705993950565.jpg?v=1705993958533; https://bizweb.dktcdn.net/thumb/medium/100/485/982/products/2-5-f34b7ddd1c334b9485698e6d66-1705993951546.jpg?v=1705993960983; https://bizweb.dktcdn.net/thumb/medium/100/485/982/products/2-6-9ea5cd27f4f24c77b658068dbe-1705993952100.jpg?v=1705993961753; https://bizweb.dktcdn.net/thumb/medium/100/485/982/products/2-7-81a0bcfb74184c53af6a128484-1705993953058.jpg?v=1705993963563; https://bizweb.dktcdn.net/thumb/medium/100/485/982/products/2-8-d52628c2a14d415abb1d46166c-1705993953972.jpg?v=1705993964293; https://bizweb.dktcdn.net/thumb/medium/100/485/982/products/2-9-e7e58144af324eaebf0ecd1cab-1705993954937.jpg?v=1705993965533; https://bizweb.dktcdn.net/thumb/medium/100/485/982/products/2-10-b1291617a2f849d187d9596bd-1705993955660.jpg?v=1705993966433,Chạy bộ,"Thông số sản phẩm Giày Thể Thao Chạy Bộ Nam Nữ Jogarbola VN32, giày running đế boost chính hãng; - Thương hiệu: JOGARBOLA; - Xuất xứ thương hiệu: Nhật Bản; - Giày chạy bộ Jogarbola JG-VN32 được áp dụng công nghệ đế giày MD siêu nhẹ, mềm mại và linh hoạt, được đánh giá là vật liệu đế lý tưởng nhất cho các mẫu giày chạy bộ chuyên dụng. Đế ngoài bằng cao su cao cấp, cho phép bạn chạy nhảy thoải mái trên mọi loại địa hình.; - Đặc biệt, mũi giày được làm từ vải Jacquard mềm mại, siêu bền, hút ẩm tốt với thiết kế các lỗ thoáng khí nhỏ, giúp bạn luôn có cảm giác thoải mái, không bí bạch khi đi giày.; - Sở hữu thiết kế tối giản nhưng vẫn vô cùng mạnh mẽ với đường vân trắng gợi nhớ đến hình ảnh tia sét tốc độ, giày chạy bộ Jogarbola JG-VN32 không chỉ là mẫu giày chạy lý tưởng trên mọi cung đường, mà còn là item thời trang năng động có thể kết hợp với mói set đồ, dù là thể thao, hiphop hay casual.; - Jogarbola JG-VN32 hứa hẹn sẽ là item mang cảm hứng năng động dễ dàng kết hợp mọi set đồ, dù là thể thao, hip hop hay casual.; Bảng size giày; Chiều dài chân; 22 - 22.5 cm; 23 cm; 23.5 cm; 24 cm; 24.5 cm; 25 - 25.5 cm; 26 cm; 27 cm; 28 cm; 29 cm; Cỡ giày; 36; 37; 38; 39; 40; 41; 42; 43; 44; 45; Hướng dẫn sử dụng Giày chạy bộ nam nữ thể thao Jogarbola Vn31, giày running đế boost chính hãng; - Để giày ở nơi khô ráo, thoáng mát; - Không giặt tẩy bằng các chất tẩy rửa mạnh, có thể dùng ( vỏ chuối, sữa tươi , giấm... ); - Không nên ngâm nước quá lâu; - Đối với các sản phẩm sáng màu không nên phơi nắng trực tiếp; Bảo hành và CSKH; - Webthethao cam kết hoàn tiền 100% giá bán sản phẩm hoặc đổi mới sản phẩm cho quý khách trong thời hạn 07 ngày tính từ khi khách hàng nhận được sản phẩm, khi sản phẩm bị những lỗi như sau:; + Giao sai mẫu; + Sản phẩm bị lỗi do nhà sản xuất khiến bạn không thể sử dụng được; + Sản phẩm bị hư hỏng, trầy xước trong quá trình vận chuyển hay do bao bì đóng gói không đạt tiêu chuẩn; ---------------------------------------------------------------------------------------; Webthethao.vn; - Thể thao vì một cuộc sống tốt đẹp hơn",659.000₫,https://shop.webthethao.vn/giay-the-thao-chay-bo-nam-nu-dong-luc-jogarbola-vn32-triple-black-jg-vn32-05-hang-chinh-hang
"Giày Thể Thao Chạy Bộ Nam Nữ Động Lực Jogarbola S24 ""Light Blue"" JG-23097-02 - Hàng Chính Hãng",https://bizweb.dktcdn.net/100/485/982/products/4-1701944017717.jpg?v=1701945357430; https://bizweb.dktcdn.net/thumb/medium/100/485/982/products/4-1701944017717.jpg?v=1701945357430; https://bizweb.dktcdn.net/thumb/medium/100/485/982/products/1-5-1701944017719.jpg?v=1701945357923; https://bizweb.dktcdn.net/thumb/medium/100/485/982/products/1-2-1701944017721.jpg?v=1701945358510; https://bizweb.dktcdn.net/thumb/medium/100/485/982/products/1-3-1701944017723.jpg?v=1701945359507; https://bizweb.dktcdn.net/thumb/medium/100/485/982/products/1-4-1701944017726.jpg?v=1701945360010; https://bizweb.dktcdn.net/thumb/medium/100/485/982/products/1-6-1701944017727.jpg?v=1701945360510; https://bizweb.dktcdn.net/thumb/medium/100/485/982/products/1-7-1701944017729.jpg?v=1701945361027; https://bizweb.dktcdn.net/thumb/medium/100/485/982/products/1-8-1701944017730.jpg?v=1701945361547; https://bizweb.dktcdn.net/thumb/medium/100/485/982/products/1-9-1701944017732.jpg?v=1701945362047; https://bizweb.dktcdn.net/thumb/medium/100/485/982/products/1-12-1701944017734.jpg?v=1701945362610; https://bizweb.dktcdn.net/thumb/medium/100/485/982/products/1-1701944017736.jpg?v=1701945363140,Chạy bộ,"Giày chạy bộ cao cấp Jogarbola JG-23097; ""Một đôi giày tốt sẽ đưa bạn đến những nơi tốt đẹp.""; Hãy cùng thỏa sức vận động và khám phá mọi cung đường đẹp nhất cùng mẫu giày chạy bộ chất lượng của thương hiệu Jogarbola đến từ Nhật Bản - Giày chạy bộ Jogarbola JG-23097.; Với thiết kế đẹp mắt cùng trọng lượng nhẹ lý tưởng, giày chạy bộ Jogarbola JG-23097 không chỉ là mẫu giày chạy và tập thể thao ""must-have"", mà còn là item thời trang năng động có thể kết hợp với mỗi set đồ.; Đặc điểm nổi bật; - CÔNG NGHỆ ĐẾ EVA + TPR: Nhẹ, linh hoạt, độ bền cao, giảm sốc hiệu quả; - CHẤT LIỆU LƯỚI MESH: Siêu bền, mềm mại, ôm chân tuyệt đối, thoáng khí nhờ các lỗ nhỏ trên bề mặt; - ĐẾ TRONG CẤU TRÚC HẠT XỐP NHỎ: Đàn hồi tốt, chạy nhảy thoải mái trên mọi địa hình; - CÔNG NGHỆ ĐÚC LIỀN MẠCH KHÔNG ĐƯỜNG MAY: Hạn chế cọ xát, không gây xước xát, kích ứng da chân; Thông số kỹ thuật; - Chất liệu: Vải Mesh, PU, TPU; - Đế: Eva, xốp; - Màu sắc: Đen/Xanh nhạt/Xanh dương; - Kích thước: 38 - 44; - Mã sản phẩm: JG-23097; Bảng size giày; Chiều dài chân; 22 - 22.5 cm; 23 cm; 23.5 cm; 24 cm; 24.5 cm; 25 - 25.5 cm; 26 cm; 27 cm; 28 cm; 29 cm; Cỡ giày; 36; 37; 38; 39; 40; 41; 42; 43; 44; 45; Hướng dẫn sử dụng Giày chạy bộ nam nữ thể thao Jogarbola Vn31, giày running đế boost chính hãng; - Để giày ở nơi khô ráo, thoáng mát; - Không giặt tẩy bằng các chất tẩy rửa mạnh, có thể dùng ( vỏ chuối, sữa tươi , giấm... ); - Không nên ngâm nước quá lâu; - Đối với các sản phẩm sáng màu không nên phơi nắng trực tiếp; Bảo hành và CSKH; - Webthethao cam kết hoàn tiền 100% giá bán sản phẩm hoặc đổi mới sản phẩm cho quý khách trong thời hạn 07 ngày tính từ khi khách hàng nhận được sản phẩm, khi sản phẩm bị những lỗi như sau:; + Giao sai mẫu; + Sản phẩm bị lỗi do nhà sản xuất khiến bạn không thể sử dụng được; + Sản phẩm bị hư hỏng, trầy xước trong quá trình vận chuyển hay do bao bì đóng gói không đạt tiêu chuẩn; ---------------------------------------------------------------------------------------; Webthethao.vn; - Thể thao vì một cuộc sống tốt đẹp hơn",629.000₫,https://shop.webthethao.vn/giay-the-thao-chay-bo-nam-nu-dong-luc-jogarbola-jg-s24-light-blue-jg-s24-02-hang-chinh-hang
"Giày Thể Thao Chạy Bộ Nữ Jogarbola Động Lực JG-2258 ""Hồng"" JG-2258H - Hàng Chính Hãng",https://bizweb.dktcdn.net/100/485/982/products/2-1694512865809-11e40dbe-6988-410e-9802-0045fc44505a.png?v=1694513364860; https://bizweb.dktcdn.net/thumb/medium/100/485/982/products/2-1694512865809-11e40dbe-6988-410e-9802-0045fc44505a.png?v=1694513364860; https://bizweb.dktcdn.net/thumb/medium/100/485/982/products/1-3-1694512865810.jpg?v=1694513364860; https://bizweb.dktcdn.net/thumb/medium/100/485/982/products/1-4-1694512865811.jpg?v=1694513364860; https://bizweb.dktcdn.net/thumb/medium/100/485/982/products/1-5-1694512865812.jpg?v=1694513364860; https://bizweb.dktcdn.net/thumb/medium/100/485/982/products/1-6-1694512865813.jpg?v=1694513364860; https://bizweb.dktcdn.net/thumb/medium/100/485/982/products/1-8-1694512865814.jpg?v=1694513364860; https://bizweb.dktcdn.net/thumb/medium/100/485/982/products/size-guide-giay-thethaonu-1694512865821.jpg?v=1694513364860,Chạy bộ,"Giày thời trang Jogarbola JG-2258 - Sắc màu cá tính; Jogarbola JG-2258 là mẫu giày thời trang/giày thể thao mới nhất của Jogarbola năm 2023.; Sở hữu tông màu ombre cực ""trendy"" bắt mắt, giày thời trang Jogarbola JG-2258 mang đến cho chị em vẻ đẹp năng động, khỏe khoắn.; Đặc điểm nổi bật; MÀU OMBRE; Thiết kế bắt mắt, nổi bật, mang đến cho phái nữ vẻ đẹp khỏe khoắn, tự tin; PHOM DÁNG KHỎE KHOẮN; Với các đường cắt tinh tế và họa tiết uyển chuyển cực tôn dáng, phù hợp với mọi loại trang phục; THÂN GIÀY LƯỚI MESH; Với các lỗ nhỏ dọc thân giày vừa thoáng khí, vừa tăng tính thẩm mỹ; Thông số kỹ thuật; - Chất liệu upper; : lưới mesh; - Chất liệu đế; : rubber cao cấp; - Màu sắc; : Hồng/Tím; - Kích thước; : 36 - 39; - Mã sản phẩm; : JG-2258",579.000₫,https://shop.webthethao.vn/giay-the-thao-nu-jogarbola-dong-luc-jg-2258-hong-jg-2258h-hang-chinh-hang
"Giày Thể Thao Chạy Bộ Nữ Động Lực Jogarbola JG-2258 ""Tím"" JG-2258T - Hàng Chính Hãng",https://bizweb.dktcdn.net/100/485/982/products/1-1694512928482.png?v=1694512933160; https://bizweb.dktcdn.net/thumb/medium/100/485/982/products/1-1694512928482.png?v=1694512933160; https://bizweb.dktcdn.net/thumb/medium/100/485/982/products/2-1-1694512928483.jpg?v=1694512933683; https://bizweb.dktcdn.net/thumb/medium/100/485/982/products/2-2-1694512928484.jpg?v=1694512934217; https://bizweb.dktcdn.net/thumb/medium/100/485/982/products/2-3-1694512928485.jpg?v=1694512934723; https://bizweb.dktcdn.net/thumb/medium/100/485/982/products/2-5-1694512928486.jpg?v=1694512935453; https://bizweb.dktcdn.net/thumb/medium/100/485/982/products/2-6-1694512928487.jpg?v=1694512935950; https://bizweb.dktcdn.net/thumb/medium/100/485/982/products/2-8-1694512928488.jpg?v=1694512936440; https://bizweb.dktcdn.net/thumb/medium/100/485/982/products/size-guide-giay-thethaonu-1694512928494.jpg?v=1694512937130,Chạy bộ,"Giày thời trang Jogarbola JG-2258 - Sắc màu cá tính; Jogarbola JG-2258 là mẫu giày thời trang/giày thể thao mới nhất của Jogarbola năm 2023.; Sở hữu tông màu ombre cực ""trendy"" bắt mắt, giày thời trang Jogarbola JG-2258 mang đến cho chị em vẻ đẹp năng động, khỏe khoắn.; Đặc điểm nổi bật; MÀU OMBRE; Thiết kế bắt mắt, nổi bật, mang đến cho phái nữ vẻ đẹp khỏe khoắn, tự tin; PHOM DÁNG KHỎE KHOẮN; Với các đường cắt tinh tế và họa tiết uyển chuyển cực tôn dáng, phù hợp với mọi loại trang phục; THÂN GIÀY LƯỚI MESH; Với các lỗ nhỏ dọc thân giày vừa thoáng khí, vừa tăng tính thẩm mỹ; Thông số kỹ thuật; - Chất liệu upper; : lưới mesh; - Chất liệu đế; : rubber cao cấp; - Màu sắc; : Hồng/Tím; - Kích thước; : 36 - 39; - Mã sản phẩm; : JG-2258",579.000₫,https://shop.webthethao.vn/giay-the-thao-nu-dong-luc-jogarbola-jg-2258-tim-jg-2258t-hang-chinh-hang
"Giày Thể Thao Chạy Bộ Nữ Động Lực Jogarbola JG-2231 ""Ghi"" JG-2231G - Hàng Chính Hãng",https://bizweb.dktcdn.net/100/485/982/products/3-1694512976765.png?v=1694513516397; https://bizweb.dktcdn.net/thumb/medium/100/485/982/products/3-1694512976765.png?v=1694513516397; https://bizweb.dktcdn.net/thumb/medium/100/485/982/products/4-1-1694512976767.jpg?v=1694513516397; https://bizweb.dktcdn.net/thumb/medium/100/485/982/products/4-3-1694512976767.jpg?v=1694513516397; https://bizweb.dktcdn.net/thumb/medium/100/485/982/products/4-4-1694512976768.jpg?v=1694513516397; https://bizweb.dktcdn.net/thumb/medium/100/485/982/products/4-5-1694512976769.jpg?v=1694513516397; https://bizweb.dktcdn.net/thumb/medium/100/485/982/products/4-6-1694512976770.jpg?v=1694513516397; https://bizweb.dktcdn.net/thumb/medium/100/485/982/products/4-8-1694512976771.jpg?v=1694513516397; https://bizweb.dktcdn.net/thumb/medium/100/485/982/products/size-guide-giay-thethaonu-1694512976778.jpg?v=1694513516397; https://bizweb.dktcdn.net/thumb/medium/100/485/982/products/3.png?v=1694513516397,Chạy bộ,"Giày thời trang Jogarbola JG-2231 - ""Cân"" mọi outfit; Jogarbola JG-2231 là mẫu giày thời trang/giày thể thao mới nhất của Jogarbola năm 2023, nổi bật với các đường họa tiết lượn sóng dọc thân và đế giày, mang đến cảm giác mềm mại và uyển chuyển.; Với 2 tông màu cơ bản ghi/đen, Jogarbola JG-2231 phù hợp với mọi outfit của chị em.; Đặc điểm nổi bật; HOA VĂN LƯỢN SÓNG; Dọc thân giày và đế giày là những đường hoa văn lượn sóng tượng trưng cho sự uyển chuyển, mềm mại trong từng chuyển động; THIẾT KẾ LƯỠI GÀ LIỀN; Mang đến vẻ đẹp hiện đại hơn cho sản phẩm, đồng thời hạn chế tình trạng lệch lưỡi gà; MÀU SẮC TỐI GIẢN; Tối giản nhưng vẫn khỏe khoắn, phong cách, phù hợp với mọi loại trang phục; Thông số kỹ thuật; - Chất liệu upper; : lưới mesh; - Chất liệu đế; : rubber cao cấp; - Lưỡi gà; : liền, chất liệu flyknit; - Màu sắc; : Ghi, đen; - Kích thước; : 36 - 39; - Mã sản phẩm; : JG-2231",579.000₫,https://shop.webthethao.vn/giay-the-thao-nu-dong-luc-jogarbola-jg-2231-ghi-jg-2231g-hang-chinh-hang
"Giày Thể Thao Chạy Bộ Nữ Động Lực Jogarbola JG-2231 ""Đen"" JG-2231D - Hàng Chính Hãng",https://bizweb.dktcdn.net/100/485/982/products/4-1694513155825.png?v=1694513159320; https://bizweb.dktcdn.net/thumb/medium/100/485/982/products/4-1694513155825.png?v=1694513159320; https://bizweb.dktcdn.net/thumb/medium/100/485/982/products/3-4-1694513163227.jpg?v=1694513188217; https://bizweb.dktcdn.net/thumb/medium/100/485/982/products/3-6-1694513163909.jpg?v=1694513188217; https://bizweb.dktcdn.net/thumb/medium/100/485/982/products/3-8-1694513164593.jpg?v=1694513188217; https://bizweb.dktcdn.net/thumb/medium/100/485/982/products/3-9-1694513165104.jpg?v=1694513188217; https://bizweb.dktcdn.net/thumb/medium/100/485/982/products/3-10-1694513165621.jpg?v=1694513188217; https://bizweb.dktcdn.net/thumb/medium/100/485/982/products/3-1-1694513166079.jpg?v=1694513188217; https://bizweb.dktcdn.net/thumb/medium/100/485/982/products/size-guide-giay-thethaonu-1694513189958.jpg?v=1694513193107,Chạy bộ,"Giày thời trang Jogarbola JG-2231 - ""Cân"" mọi outfit; Jogarbola JG-2231 là mẫu giày thời trang/giày thể thao mới nhất của Jogarbola năm 2023, nổi bật với các đường họa tiết lượn sóng dọc thân và đế giày, mang đến cảm giác mềm mại và uyển chuyển.; Với 2 tông màu cơ bản ghi/đen, Jogarbola JG-2231 phù hợp với mọi outfit của chị em.; Đặc điểm nổi bật; HOA VĂN LƯỢN SÓNG; Dọc thân giày và đế giày là những đường hoa văn lượn sóng tượng trưng cho sự uyển chuyển, mềm mại trong từng chuyển động; THIẾT KẾ LƯỠI GÀ LIỀN; Mang đến vẻ đẹp hiện đại hơn cho sản phẩm, đồng thời hạn chế tình trạng lệch lưỡi gà; MÀU SẮC TỐI GIẢN; Tối giản nhưng vẫn khỏe khoắn, phong cách, phù hợp với mọi loại trang phục; Thông số kỹ thuật; - Chất liệu upper; : lưới mesh; - Chất liệu đế; : rubber cao cấp; - Lưỡi gà; : liền, chất liệu flyknit; - Màu sắc; : Ghi, đen; - Kích thước; : 36 - 39; - Mã sản phẩm; : JG-2231",579.000₫,https://shop.webthethao.vn/giay-the-thao-nu-dong-luc-jogarbola-jg-2231-den-jg-2231d-hang-chinh-hang
"Giày Thể Thao Chạy Bộ Nam Nữ Động Lực Jogarbola VN32 ""Đen"" JG-VN32-01 - Hàng Chính Hãng",https://bizweb.dktcdn.net/100/485/982/products/chinh-anh-san-pham-1080-1080-px-1687488825481.jpg?v=1695890401303; https://bizweb.dktcdn.net/thumb/medium/100/485/982/products/chinh-anh-san-pham-1080-1080-px-1687488825481.jpg?v=1695890401303; https://bizweb.dktcdn.net/thumb/medium/100/485/982/products/image-1687422182846.png?v=1695890401303; https://bizweb.dktcdn.net/thumb/medium/100/485/982/products/image-1687422182829.png?v=1695878108667; https://bizweb.dktcdn.net/thumb/medium/100/485/982/products/image-1687422182832.png?v=1695878108667; https://bizweb.dktcdn.net/thumb/medium/100/485/982/products/image-1687422182834.png?v=1695878108667; https://bizweb.dktcdn.net/thumb/medium/100/485/982/products/image-1687422182836.png?v=1695878108667; https://bizweb.dktcdn.net/thumb/medium/100/485/982/products/image-1687422182840.png?v=1695878108667; https://bizweb.dktcdn.net/thumb/medium/100/485/982/products/image-1687422182842.png?v=1695878108667; https://bizweb.dktcdn.net/thumb/medium/100/485/982/products/image-1687422182850.png?v=1687488831680; https://bizweb.dktcdn.net/thumb/medium/100/485/982/products/image-1687422182853.png?v=1687488831680; https://bizweb.dktcdn.net/thumb/medium/100/485/982/products/image-1687422182857.png?v=1687488831680,Chạy bộ,"Thông số sản phẩm Giày Thể Thao Chạy Bộ Nam Nữ Jogarbola VN32, giày running đế boost chính hãng; - Thương hiệu: JOGARBOLA; - Xuất xứ thương hiệu: Nhật Bản; - Giày chạy bộ Jogarbola JG-VN32 được áp dụng công nghệ đế giày MD siêu nhẹ, mềm mại và linh hoạt, được đánh giá là vật liệu đế lý tưởng nhất cho các mẫu giày chạy bộ chuyên dụng. Đế ngoài bằng cao su cao cấp, cho phép bạn chạy nhảy thoải mái trên mọi loại địa hình.; - Đặc biệt, mũi giày được làm từ vải Jacquard mềm mại, siêu bền, hút ẩm tốt với thiết kế các lỗ thoáng khí nhỏ, giúp bạn luôn có cảm giác thoải mái, không bí bạch khi đi giày.; - Sở hữu thiết kế tối giản nhưng vẫn vô cùng mạnh mẽ với đường vân trắng gợi nhớ đến hình ảnh tia sét tốc độ, giày chạy bộ Jogarbola JG-VN32 không chỉ là mẫu giày chạy lý tưởng trên mọi cung đường, mà còn là item thời trang năng động có thể kết hợp với mói set đồ, dù là thể thao, hiphop hay casual.; - Jogarbola JG-VN32 hứa hẹn sẽ là item mang cảm hứng năng động dễ dàng kết hợp mọi set đồ, dù là thể thao, hip hop hay casual.; Bảng size giày; Chiều dài chân; 22 - 22.5 cm; 23 cm; 23.5 cm; 24 cm; 24.5 cm; 25 - 25.5 cm; 26 cm; 27 cm; 28 cm; 29 cm; Cỡ giày; 36; 37; 38; 39; 40; 41; 42; 43; 44; 45; Hướng dẫn sử dụng Giày chạy bộ nam nữ thể thao Jogarbola Vn31, giày running đế boost chính hãng; - Để giày ở nơi khô ráo, thoáng mát; - Không giặt tẩy bằng các chất tẩy rửa mạnh, có thể dùng ( vỏ chuối, sữa tươi , giấm... ); - Không nên ngâm nước quá lâu; - Đối với các sản phẩm sáng màu không nên phơi nắng trực tiếp; Bảo hành và CSKH; - Webthethao cam kết hoàn tiền 100% giá bán sản phẩm hoặc đổi mới sản phẩm cho quý khách trong thời hạn 07 ngày tính từ khi khách hàng nhận được sản phẩm, khi sản phẩm bị những lỗi như sau:; + Giao sai mẫu; + Sản phẩm bị lỗi do nhà sản xuất khiến bạn không thể sử dụng được; + Sản phẩm bị hư hỏng, trầy xước trong quá trình vận chuyển hay do bao bì đóng gói không đạt tiêu chuẩn; ---------------------------------------------------------------------------------------; Webthethao.vn; - Thể thao vì một cuộc sống tốt đẹp hơn",659.000₫,https://shop.webthethao.vn/giay-the-thao-chay-bo-nam-nu-jogarbola-vn32-den-jg-vn32-01-hang-chinh-hang
"Giày Thể Thao Chạy Bộ Nữ Động Lực Jogarbola VN32 ""Nude"" JG-VN32-04 - Hàng Chính Hãng",https://bizweb.dktcdn.net/100/485/982/products/chinh-anh-san-pham-1080-1080-px-1687423511799.jpg?v=1687426064030; https://bizweb.dktcdn.net/thumb/medium/100/485/982/products/chinh-anh-san-pham-1080-1080-px-1687423511799.jpg?v=1687426064030; https://bizweb.dktcdn.net/thumb/medium/100/485/982/products/image-1687423511817.png?v=1687426064873; https://bizweb.dktcdn.net/thumb/medium/100/485/982/products/tun-3804-d86148ec16db4941b8b80aa-1687423511824.jpg?v=1687426065953; https://bizweb.dktcdn.net/thumb/medium/100/485/982/products/tun-3804-d86148ec16db4941b8b80aa222-1687423511831.jpg?v=1687426066580; https://bizweb.dktcdn.net/thumb/medium/100/485/982/products/tun-3843-e9d2b0fd45b34ef18862719-1687423511839.jpg?v=1687426068180; https://bizweb.dktcdn.net/thumb/medium/100/485/982/products/tun-3904-638cae07446a4c3aaa856ab-1687423511844.jpg?v=1687426069830; https://bizweb.dktcdn.net/thumb/medium/100/485/982/products/tun-3949-658aea6192aa453ca834436-1687423511849.jpg?v=1687426071120; https://bizweb.dktcdn.net/thumb/medium/100/485/982/products/tun-3962-99c8912b3b3143f98dd7ba3-1687423511852.jpg?v=1687426072247; https://bizweb.dktcdn.net/thumb/medium/100/485/982/products/tun-4043-9545fe8418354458a117f96-1687423511858.jpg?v=1687426073960; https://bizweb.dktcdn.net/thumb/medium/100/485/982/products/tun-4102-ca95c83b51db4013aef0122-1687423511868.jpg?v=1687426075433,Chạy bộ,"Thông số sản phẩm Giày Thể Thao Chạy Bộ Nam Nữ Jogarbola VN32, giày running đế boost chính hãng; - Thương hiệu: JOGARBOLA; - Xuất xứ thương hiệu: Nhật Bản; - Giày chạy bộ Jogarbola JG-VN32 được áp dụng công nghệ đế giày MD siêu nhẹ, mềm mại và linh hoạt, được đánh giá là vật liệu đế lý tưởng nhất cho các mẫu giày chạy bộ chuyên dụng. Đế ngoài bằng cao su cao cấp, cho phép bạn chạy nhảy thoải mái trên mọi loại địa hình.; - Đặc biệt, mũi giày được làm từ vải Jacquard mềm mại, siêu bền, hút ẩm tốt với thiết kế các lỗ thoáng khí nhỏ, giúp bạn luôn có cảm giác thoải mái, không bí bạch khi đi giày.; - Sở hữu thiết kế tối giản nhưng vẫn vô cùng mạnh mẽ với đường vân trắng gợi nhớ đến hình ảnh tia sét tốc độ, giày chạy bộ Jogarbola JG-VN32 không chỉ là mẫu giày chạy lý tưởng trên mọi cung đường, mà còn là item thời trang năng động có thể kết hợp với mói set đồ, dù là thể thao, hiphop hay casual.; - Jogarbola JG-VN32 hứa hẹn sẽ là item mang cảm hứng năng động dễ dàng kết hợp mọi set đồ, dù là thể thao, hip hop hay casual.; Bảng size giày; Chiều dài chân; 22 - 22.5 cm; 23 cm; 23.5 cm; 24 cm; 24.5 cm; 25 - 25.5 cm; 26 cm; 27 cm; 28 cm; 29 cm; Cỡ giày; 36; 37; 38; 39; 40; 41; 42; 43; 44; 45; Hướng dẫn sử dụng Giày chạy bộ nam nữ thể thao Jogarbola Vn31, giày running đế boost chính hãng; - Để giày ở nơi khô ráo, thoáng mát; - Không giặt tẩy bằng các chất tẩy rửa mạnh, có thể dùng ( vỏ chuối, sữa tươi , giấm... ); - Không nên ngâm nước quá lâu; - Đối với các sản phẩm sáng màu không nên phơi nắng trực tiếp; Bảo hành và CSKH; - Webthethao cam kết hoàn tiền 100% giá bán sản phẩm hoặc đổi mới sản phẩm cho quý khách trong thời hạn 07 ngày tính từ khi khách hàng nhận được sản phẩm, khi sản phẩm bị những lỗi như sau:; + Giao sai mẫu; + Sản phẩm bị lỗi do nhà sản xuất khiến bạn không thể sử dụng được; + Sản phẩm bị hư hỏng, trầy xước trong quá trình vận chuyển hay do bao bì đóng gói không đạt tiêu chuẩn; ---------------------------------------------------------------------------------------; Webthethao.vn; - Thể thao vì một cuộc sống tốt đẹp hơn",659.000₫,https://shop.webthethao.vn/giay-the-thao-chay-bo-nu-jogarbola-vn32-nude-jg-vn32-04-hang-chinh-hang
"Giày Thể Thao Chạy Bộ Nam Động Lực XPD ARS017 ""Grey"" XPD-ARS017-02 - Hàng Chính Hãng",https://bizweb.dktcdn.net/100/485/982/products/anh-san-pham-website-1689062268446.jpg?v=1689062274687; https://bizweb.dktcdn.net/thumb/medium/100/485/982/products/anh-san-pham-website-1689062268446.jpg?v=1689062274687; https://bizweb.dktcdn.net/thumb/medium/100/485/982/products/image-1689062268465.png?v=1689062275917; https://bizweb.dktcdn.net/thumb/medium/100/485/982/products/image-1689062268488.png?v=1689062277217; https://bizweb.dktcdn.net/thumb/medium/100/485/982/products/image-1689062268513.png?v=1689062278003; https://bizweb.dktcdn.net/thumb/medium/100/485/982/products/l-00049-9576bb0ab1d04c9caf476dd3-1689062268520.jpg?v=1689062280057; https://bizweb.dktcdn.net/thumb/medium/100/485/982/products/l-00066-136582b52fd84360a11cc939-1689062268529.jpg?v=1689062282043; https://bizweb.dktcdn.net/thumb/medium/100/485/982/products/03-1689062268539.jpg?v=1689062283450; https://bizweb.dktcdn.net/thumb/medium/100/485/982/products/04-1689062268550.jpg?v=1689062285387,Chạy bộ,"XPD ARS017 được thiết kế mới với chất liệu vải dệt siêu mềm cùng với đó là những chất liệu cao cấp để mang tới những trải nghiệm tốt nhất cho người dùng.; - Thiết kế tối giản nhưng đầy tinh tế với những mảng màu phối nhẹ chạy dọc theo thân giày.; - Được làm từ vải dệt cao cấp siêu mềm, dễ dàng khi di chuyển hay tập luyện. Đặc biệt phần upper có nhiều lỗ thoáng khí, giúp người đi luôn cảm thấy khô thoáng.; - Trọng lượng giày nhẹ, bạn có thể sử dụng trong một thời gian dài liên tục mà vẫn cảm thấy thuận tiện, thoải mái.; - Phần đế giữa của giày giảm chấn rất tốt với lớp đệm Phylon êm ái, bảo vệ chân tối đa.; - Phần đế ngoài của giày được làm từ cao su cao cấp có độ bền cao và chống trượt hiệu quả với những đường rãnh thiết kế khoa học, chỉn chu.; - Phom giày được thiết kế riêng theo phom chân người Việt, người dùng chân bè vẫn có thể sử dụng mà không gặp chút trở ngại nào.; - XPD ARS017 có màu sắc, tinh tế, bắt kịp xu thế thời trang thể thao hiện đại, dễ dàng phối đồ.; Bảng size giày; Chiều dài chân; 22 - 22.5 cm; 23 cm; 23.5 cm; 24 cm; 24.5 cm; 25 - 25.5 cm; 26 cm; 27 cm; 28 cm; 29 cm; Cỡ giày; 36; 37; 38; 39; 40; 41; 42; 43; 44; 45; Hướng dẫn sử dụng Giày Thể Thao chạy bộ nam Động Lực XPD ARS017; - Để giày ở nơi khô ráo, thoáng mát; - Không giặt tẩy bằng các chất tẩy rửa mạnh, có thể dùng ( vỏ chuối, sữa tươi , giấm... ); - Không nên ngâm nước quá lâu; - Đối với các sản phẩm sáng màu không nên phơi nắng trực tiếp; Bảo hành và CSKH; - Webthethao cam kết hoàn tiền 100% giá bán sản phẩm hoặc đổi mới sản phẩm cho quý khách trong thời hạn 07 ngày tính từ khi khách hàng nhận được sản phẩm, khi sản phẩm bị những lỗi như sau:; + Giao sai mẫu; + Sản phẩm bị lỗi do nhà sản xuất khiến bạn không thể sử dụng được; + Sản phẩm bị hư hỏng, trầy xước trong quá trình vận chuyển hay do bao bì đóng gói không đạt tiêu chuẩn; ---------------------------------------------------------------------------------------; Webthethao.vn; - Thể thao vì một cuộc sống tốt đẹp hơn",729.000₫,https://shop.webthethao.vn/giay-chay-bo-nam-dong-luc-xpd-ars017-blue-xpd-ars017-02-hang-chinh-hang
"Giày Thể Thao Chạy Bộ Nam Nữ Jogarbola Fit 22 ""Đen"" JG-FIT-01 - Hàng Chính Hãng",https://bizweb.dktcdn.net/100/485/982/products/02-1689063027416.jpg?v=1689063032623; https://bizweb.dktcdn.net/thumb/medium/100/485/982/products/02-1689063027416.jpg?v=1689063032623; https://bizweb.dktcdn.net/thumb/medium/100/485/982/products/image-1689062662427.png?v=1689063032623; https://bizweb.dktcdn.net/thumb/medium/100/485/982/products/image-1689062662430.png?v=1689063032623; https://bizweb.dktcdn.net/thumb/medium/100/485/982/products/image-1689062662433.png?v=1689063032623; https://bizweb.dktcdn.net/thumb/medium/100/485/982/products/image-1689062662437.png?v=1689063032623; https://bizweb.dktcdn.net/thumb/medium/100/485/982/products/image-1689062662443.png?v=1689063032623; https://bizweb.dktcdn.net/thumb/medium/100/485/982/products/image-1689062662446.png?v=1689063032623,Chạy bộ,"Công nghệ vải dệt Flyknit – Ôm chân tuyệt đối; Giày chạy Jogarbola Fit-22 - là sản phẩm mới nhất của thương hiệu Jogarbola, giày chạy Jogarbola Fit-22 gây ấn tượng mạnh với công nghệ vải dệt Flyknit siêu nhẹ, ôm chân tuyệt đối, giúp nâng đỡ bước chạy và hỗ trợ tốc độ tối đa.; 1. Đánh giá chi tiết giày chạy Jogarbola Fit-22; 1.1.Thiết kế; 1.2. Đặc điểm nổi bật; - Vải dệt Flyknit mềm mại, nhẹ và thoáng khí tối đa, ôm sát theo chuyển động chân.; - Phiên bản đơn giản nhất, Jogarbola Fit-22 là đôi giày tập phù hợp cho đường chạy cự ly ngắn cũng như mang hàng ngày.; - Lớp đệm Bounce ở gót giày và lớp đệm Bounce+ dưới lòng bàn chân tăng cường cảm giác đàn hồi và tốc độ.; - Đế ngoài TPU linh hoạt theo chuyển động tự nhiên của bàn chân cho sải bước tràn đầy năng lượng, cùng chất liệu cao su rubber sole cho độ bám vượt trội.; - Jogarbola Fit-22 có 2 màu cho bạn dễ dàng lựa chọn để kết hợp với mọi outfit; 1.3. Về công nghệ vải dệt Flyknit; Jogarbola Fit-22 đã áp dụng công nghệ Flyknit cho phần thân trên của giày. Công nghệ này sử dụng các loại sợi đặc biệt được đan một cách khoa học tạo nên một miếng vật liệu liền mạch mềm như len nhưng rất chắc chắn đàn hồi.; Công nghệ Flyknit giúp Jogarbola Fit-22 nhẹ hơn và ôm sát bàn chân, đồng thời chuyển động của bàn chân giúp tối ưu sự linh hoạt và thanh thoát khi vận động.; Một số hình ảnh nổi bật của giày chạy bộ Jogarbola Fit-22:; Bảng size giày; Chiều dài chân; 22 - 22.5 cm; 23 cm; 23.5 cm; 24 cm; 24.5 cm; 25 - 25.5 cm; 26 cm; 27 cm; 28 cm; 29 cm; Cỡ giày; 36; 37; 38; 39; 40; 41; 42; 43; 44; 45; Hướng dẫn sử dụng; - Để giày ở nơi khô ráo, thoáng mát; - Không giặt tẩy bằng các chất tẩy rửa mạnh, có thể dùng ( vỏ chuối, sữa tươi , giấm... ); - Không nên ngâm nước quá lâu; - Đối với các sản phẩm sáng màu không nên phơi nắng trực tiếp; Bảo hành và CSKH; - Webthethao cam kết hoàn tiền 100% giá bán sản phẩm hoặc đổi mới sản phẩm cho quý khách trong thời hạn 07 ngày tính từ khi khách hàng nhận được sản phẩm, khi sản phẩm bị những lỗi như sau:; + Giao sai mẫu; + Sản phẩm bị lỗi do nhà sản xuất khiến bạn không thể sử dụng được; + Sản phẩm bị hư hỏng, trầy xước trong quá trình vận chuyển hay do bao bì đóng gói không đạt tiêu chuẩn; ---------------------------------------------------------------------------------------; Webthethao.vn; - Thể thao vì một cuộc sống tốt đẹp hơn",689.000₫,https://shop.webthethao.vn/giay-the-thao-chay-bo-nam-nu-jogarbola-fit-22-den-jg-fit-01-hang-chinh-hang
"Giày Thể Thao Chạy Bộ Nữ Jogarbola Fit 22 ""Trắng"" JG-FIT-02 - Hàng Chính Hãng",https://bizweb.dktcdn.net/100/485/982/products/03-1689063039554.jpg?v=1689063044613; https://bizweb.dktcdn.net/thumb/medium/100/485/982/products/03-1689063039554.jpg?v=1689063044613; https://bizweb.dktcdn.net/thumb/medium/100/485/982/products/image-1689062727971.png?v=1689063044613; https://bizweb.dktcdn.net/thumb/medium/100/485/982/products/image-1689062727974.png?v=1689063044613; https://bizweb.dktcdn.net/thumb/medium/100/485/982/products/image-1689062727979.png?v=1689063044613; https://bizweb.dktcdn.net/thumb/medium/100/485/982/products/image-1689062727985.png?v=1689063044613; https://bizweb.dktcdn.net/thumb/medium/100/485/982/products/image-1689062727992.png?v=1689063044613; https://bizweb.dktcdn.net/thumb/medium/100/485/982/products/image-1689062727995.png?v=1689063044613; https://bizweb.dktcdn.net/thumb/medium/100/485/982/products/image-1689062728000.png?v=1689063044613,Chạy bộ,"Công nghệ vải dệt Flyknit – Ôm chân tuyệt đối; Giày chạy Jogarbola Fit-22 - là sản phẩm mới nhất của thương hiệu Jogarbola, giày chạy Jogarbola Fit-22 gây ấn tượng mạnh với công nghệ vải dệt Flyknit siêu nhẹ, ôm chân tuyệt đối, giúp nâng đỡ bước chạy và hỗ trợ tốc độ tối đa.; 1. Đánh giá chi tiết giày chạy Jogarbola Fit-22; 1.1.Thiết kế; 1.2. Đặc điểm nổi bật; - Vải dệt Flyknit mềm mại, nhẹ và thoáng khí tối đa, ôm sát theo chuyển động chân.; - Phiên bản đơn giản nhất, Jogarbola Fit-22 là đôi giày tập phù hợp cho đường chạy cự ly ngắn cũng như mang hàng ngày.; - Lớp đệm Bounce ở gót giày và lớp đệm Bounce+ dưới lòng bàn chân tăng cường cảm giác đàn hồi và tốc độ.; - Đế ngoài TPU linh hoạt theo chuyển động tự nhiên của bàn chân cho sải bước tràn đầy năng lượng, cùng chất liệu cao su rubber sole cho độ bám vượt trội.; - Jogarbola Fit-22 có 2 màu cho bạn dễ dàng lựa chọn để kết hợp với mọi outfit; 1.3. Về công nghệ vải dệt Flyknit; Jogarbola Fit-22 đã áp dụng công nghệ Flyknit cho phần thân trên của giày. Công nghệ này sử dụng các loại sợi đặc biệt được đan một cách khoa học tạo nên một miếng vật liệu liền mạch mềm như len nhưng rất chắc chắn đàn hồi.; Công nghệ Flyknit giúp Jogarbola Fit-22 nhẹ hơn và ôm sát bàn chân, đồng thời chuyển động của bàn chân giúp tối ưu sự linh hoạt và thanh thoát khi vận động.; Một số hình ảnh nổi bật của giày chạy bộ Jogarbola Fit-22:; Bảng size giày; Chiều dài chân; 22 - 22.5 cm; 23 cm; 23.5 cm; 24 cm; 24.5 cm; 25 - 25.5 cm; 26 cm; 27 cm; 28 cm; 29 cm; Cỡ giày; 36; 37; 38; 39; 40; 41; 42; 43; 44; 45; Hướng dẫn sử dụng; - Để giày ở nơi khô ráo, thoáng mát; - Không giặt tẩy bằng các chất tẩy rửa mạnh, có thể dùng ( vỏ chuối, sữa tươi , giấm... ); - Không nên ngâm nước quá lâu; - Đối với các sản phẩm sáng màu không nên phơi nắng trực tiếp; Bảo hành và CSKH; - Webthethao cam kết hoàn tiền 100% giá bán sản phẩm hoặc đổi mới sản phẩm cho quý khách trong thời hạn 07 ngày tính từ khi khách hàng nhận được sản phẩm, khi sản phẩm bị những lỗi như sau:; + Giao sai mẫu; + Sản phẩm bị lỗi do nhà sản xuất khiến bạn không thể sử dụng được; + Sản phẩm bị hư hỏng, trầy xước trong quá trình vận chuyển hay do bao bì đóng gói không đạt tiêu chuẩn; ---------------------------------------------------------------------------------------; Webthethao.vn; - Thể thao vì một cuộc sống tốt đẹp hơn",689.000₫,https://shop.webthethao.vn/giay-the-thao-chay-bo-nu-jogarbola-fit-22-trang-jg-fit-02-hang-chinh-hang
"Giày Thể Thao Chạy Bộ Nam Jogarbola Fit 22 ""Xanh Navy"" JG-FIT-03 - Hàng Chính Hãng",https://bizweb.dktcdn.net/100/485/982/products/01-1689063050455.jpg?v=1689063061867; https://bizweb.dktcdn.net/thumb/medium/100/485/982/products/01-1689063050455.jpg?v=1689063061867; https://bizweb.dktcdn.net/thumb/medium/100/485/982/products/image-1689062797329.png?v=1689063061867; https://bizweb.dktcdn.net/thumb/medium/100/485/982/products/image-1689062797335.png?v=1689063061867; https://bizweb.dktcdn.net/thumb/medium/100/485/982/products/image-1689062797340.png?v=1689063061867; https://bizweb.dktcdn.net/thumb/medium/100/485/982/products/image-1689062797344.png?v=1689063061867; https://bizweb.dktcdn.net/thumb/medium/100/485/982/products/image-1689062797352.png?v=1689063061867; https://bizweb.dktcdn.net/thumb/medium/100/485/982/products/image-1689062797357.png?v=1689063061867,Chạy bộ,"Công nghệ vải dệt Flyknit – Ôm chân tuyệt đối; Giày chạy Jogarbola Fit-22 - là sản phẩm mới nhất của thương hiệu Jogarbola, giày chạy Jogarbola Fit-22 gây ấn tượng mạnh với công nghệ vải dệt Flyknit siêu nhẹ, ôm chân tuyệt đối, giúp nâng đỡ bước chạy và hỗ trợ tốc độ tối đa.; 1. Đánh giá chi tiết giày chạy Jogarbola Fit-22; 1.1.Thiết kế; 1.2. Đặc điểm nổi bật; - Vải dệt Flyknit mềm mại, nhẹ và thoáng khí tối đa, ôm sát theo chuyển động chân.; - Phiên bản đơn giản nhất, Jogarbola Fit-22 là đôi giày tập phù hợp cho đường chạy cự ly ngắn cũng như mang hàng ngày.; - Lớp đệm Bounce ở gót giày và lớp đệm Bounce+ dưới lòng bàn chân tăng cường cảm giác đàn hồi và tốc độ.; - Đế ngoài TPU linh hoạt theo chuyển động tự nhiên của bàn chân cho sải bước tràn đầy năng lượng, cùng chất liệu cao su rubber sole cho độ bám vượt trội.; - Jogarbola Fit-22 có 2 màu cho bạn dễ dàng lựa chọn để kết hợp với mọi outfit; 1.3. Về công nghệ vải dệt Flyknit; Jogarbola Fit-22 đã áp dụng công nghệ Flyknit cho phần thân trên của giày. Công nghệ này sử dụng các loại sợi đặc biệt được đan một cách khoa học tạo nên một miếng vật liệu liền mạch mềm như len nhưng rất chắc chắn đàn hồi.; Công nghệ Flyknit giúp Jogarbola Fit-22 nhẹ hơn và ôm sát bàn chân, đồng thời chuyển động của bàn chân giúp tối ưu sự linh hoạt và thanh thoát khi vận động.; Một số hình ảnh nổi bật của giày chạy bộ Jogarbola Fit-22:; Bảng size giày; Chiều dài chân; 22 - 22.5 cm; 23 cm; 23.5 cm; 24 cm; 24.5 cm; 25 - 25.5 cm; 26 cm; 27 cm; 28 cm; 29 cm; Cỡ giày; 36; 37; 38; 39; 40; 41; 42; 43; 44; 45; Hướng dẫn sử dụng; - Để giày ở nơi khô ráo, thoáng mát; - Không giặt tẩy bằng các chất tẩy rửa mạnh, có thể dùng ( vỏ chuối, sữa tươi , giấm... ); - Không nên ngâm nước quá lâu; - Đối với các sản phẩm sáng màu không nên phơi nắng trực tiếp; Bảo hành và CSKH; - Webthethao cam kết hoàn tiền 100% giá bán sản phẩm hoặc đổi mới sản phẩm cho quý khách trong thời hạn 07 ngày tính từ khi khách hàng nhận được sản phẩm, khi sản phẩm bị những lỗi như sau:; + Giao sai mẫu; + Sản phẩm bị lỗi do nhà sản xuất khiến bạn không thể sử dụng được; + Sản phẩm bị hư hỏng, trầy xước trong quá trình vận chuyển hay do bao bì đóng gói không đạt tiêu chuẩn; ---------------------------------------------------------------------------------------; Webthethao.vn; - Thể thao vì một cuộc sống tốt đẹp hơn",689.000₫,https://shop.webthethao.vn/giay-the-thao-chay-bo-nam-jogarbola-fit-22-xanh-navy-jg-fit-03-hang-chinh-hang
"Giày Chạy Bộ Nữ Động Lực Jogarbola Raki 21125 ""Đen"" JG-Raki-01 - Hàng Chính Hãng",https://bizweb.dktcdn.net/100/485/982/products/3-1691114861339.png?v=1691114866323; https://bizweb.dktcdn.net/thumb/medium/100/485/982/products/3-1691114861339.png?v=1691114866323; https://bizweb.dktcdn.net/thumb/medium/100/485/982/products/den-2-1691114861346.png?v=1691114868153; https://bizweb.dktcdn.net/thumb/medium/100/485/982/products/den-3-1691114861349.png?v=1691114868717; https://bizweb.dktcdn.net/thumb/medium/100/485/982/products/den-5-1691114861356.png?v=1691114871503,Chạy bộ,Thông tin sản phẩm đang được cập nhật,669.000₫,https://shop.webthethao.vn/giay-chay-bo-nu-jogarbola-raki-21125-den-jg-raki-01-hang-chinh-hang
"Giày Chạy Bộ Nữ Động Lực Jogarbola Raki 21125 ""Trắng"" JG-Raki-02 - Hàng Chính Hãng",https://bizweb.dktcdn.net/100/485/982/products/1-1691114981414.png?v=1691114987123; https://bizweb.dktcdn.net/thumb/medium/100/485/982/products/1-1691114981414.png?v=1691114987123; https://bizweb.dktcdn.net/thumb/medium/100/485/982/products/trang-2-1691114981419.png?v=1691114988327; https://bizweb.dktcdn.net/thumb/medium/100/485/982/products/trang-3-1691114981425.png?v=1691114989337; https://bizweb.dktcdn.net/thumb/medium/100/485/982/products/trang-4-1691114981430.png?v=1691114989860; https://bizweb.dktcdn.net/thumb/medium/100/485/982/products/trang-5-1691114981433.png?v=1691114991053,Chạy bộ,Thông tin sản phẩm đang được cập nhật,669.000₫,https://shop.webthethao.vn/giay-chay-bo-nu-jogarbola-raki-21125-trang-jg-raki-02-hang-chinh-hang
"Giày Chạy Bộ Nữ Động Lực Jogarbola Raki 21125 ""Be"" JG-Raki-03 - Hàng Chính Hãng",https://bizweb.dktcdn.net/100/485/982/products/2-1691115405693.png?v=1691115410173; https://bizweb.dktcdn.net/thumb/medium/100/485/982/products/2-1691115405693.png?v=1691115410173; https://bizweb.dktcdn.net/thumb/medium/100/485/982/products/be-2-1691115405700.png?v=1691115411353; https://bizweb.dktcdn.net/thumb/medium/100/485/982/products/be-3-1691115405705.png?v=1691115413173; https://bizweb.dktcdn.net/thumb/medium/100/485/982/products/be-4-1691115405708.png?v=1691115414857; https://bizweb.dktcdn.net/thumb/medium/100/485/982/products/be-5-1691115405712.png?v=1691115416630,Chạy bộ,Thông tin sản phẩm đang được cập nhật,669.000₫,https://shop.webthethao.vn/giay-chay-bo-nu-jogarbola-raki-21125-be-jg-raki-03-hang-chinh-hang
"Giày Chạy Bộ Nam PEAK Com4ever Supercritical Running ""Đen Trắng"" E223081HDT– Hàng Chính Hãng",https://bizweb.dktcdn.net/100/485/982/products/3-1693368291779.png?v=1695878027537; https://bizweb.dktcdn.net/thumb/medium/100/485/982/products/3-1693368291779.png?v=1695878027537; https://bizweb.dktcdn.net/thumb/medium/100/485/982/products/e223081h-4-1024x1024-1693368291783.jpg?v=1695878027537; https://bizweb.dktcdn.net/thumb/medium/100/485/982/products/e223081h-1-1024x1024-1693368291780.jpg?v=1695877611663; https://bizweb.dktcdn.net/thumb/medium/100/485/982/products/e223081h-3-1024x1024-1693368291781.jpg?v=1695877611663; https://bizweb.dktcdn.net/thumb/medium/100/485/982/products/e223081h-5-1024x1024-1693368291785.jpg?v=1693368300360; https://bizweb.dktcdn.net/thumb/medium/100/485/982/products/e223081h-6-1024x1024-1693368291786.jpg?v=1693368302570; https://bizweb.dktcdn.net/thumb/medium/100/485/982/products/e223081h-7-1024x1024-1693368291788.jpg?v=1693368303237; https://bizweb.dktcdn.net/thumb/medium/100/485/982/products/z-sz-nn-1693368291789.png?v=1693368304783,Chạy bộ,Thông tin sản phẩm đang được cập nhật,1.690.000₫,https://shop.webthethao.vn/giay-chay-bo-nam-peak-com4ever-supercritical-running-den-trang-e223081hdt-hang-chinh-hang
"Giày Chạy Bộ Nam PEAK Com4ever Supercritical Running ""Ghi Sáng"" E223081HGS – Hàng Chính Hãng",https://bizweb.dktcdn.net/100/485/982/products/2-1693368370307.png?v=1695877785300; https://bizweb.dktcdn.net/thumb/medium/100/485/982/products/2-1693368370307.png?v=1695877785300; https://bizweb.dktcdn.net/thumb/medium/100/485/982/products/743432fba8736b6eca96192d7aa696f5-1693368370311.jpg?v=1695877785300; https://bizweb.dktcdn.net/thumb/medium/100/485/982/products/e223081h-9-1693368370316.jpg?v=1693368377390; https://bizweb.dktcdn.net/thumb/medium/100/485/982/products/e223081h-11-1693368370322.jpg?v=1693368378873; https://bizweb.dktcdn.net/thumb/medium/100/485/982/products/e223081h-12-1024x1024-1693368370324.jpg?v=1693368380097; https://bizweb.dktcdn.net/thumb/medium/100/485/982/products/e223081h-13-1024x1024-1693368370327.jpg?v=1693368381383; https://bizweb.dktcdn.net/thumb/medium/100/485/982/products/e223081h-14-1024x1024-1693368370329.jpg?v=1693368382687; https://bizweb.dktcdn.net/thumb/medium/100/485/982/products/e223081h-15-1024x1024-1693368370332.jpg?v=1693368384117; https://bizweb.dktcdn.net/thumb/medium/100/485/982/products/z-sz-nn-1693368370333.png?v=1693368385177,Chạy bộ,Thông tin sản phẩm đang được cập nhật,1.690.000₫,https://shop.webthethao.vn/giay-chay-bo-nam-peak-com4ever-supercritical-running-ghi-sang-e223081hgs-hang-chinh-hang
"Giày Chạy Bộ Nam PEAK Running ""Trắng"" E29007HT – Hàng Chính Hãng",https://bizweb.dktcdn.net/100/485/982/products/2-1693469867464.png?v=1695877912850; https://bizweb.dktcdn.net/thumb/medium/100/485/982/products/2-1693469867464.png?v=1695877912850; https://bizweb.dktcdn.net/thumb/medium/100/485/982/products/peak-t1-52-375x375-1693469867467.jpg?v=1695877912850; https://bizweb.dktcdn.net/thumb/medium/100/485/982/products/peak-t1-50-1693469867467.jpg?v=1695877128500; https://bizweb.dktcdn.net/thumb/medium/100/485/982/products/z-sz-nn-1693469867469.png?v=1693469873060,Chạy bộ,Thông tin sản phẩm đang được cập nhật,1.090.000₫,https://shop.webthethao.vn/giay-chay-bo-nam-peak-running-trang-e29007ht-hang-chinh-hang
"Giày Chạy Bộ Nam PEAK Running ""Đen Trắng"" E29007HDT – Hàng Chính Hãng",https://bizweb.dktcdn.net/100/485/982/products/1-1693470081523.png?v=1695877127440; https://bizweb.dktcdn.net/thumb/medium/100/485/982/products/1-1693470081523.png?v=1695877127440; https://bizweb.dktcdn.net/thumb/medium/100/485/982/products/peak-t1-72-1693470081530.jpg?v=1695877127440; https://bizweb.dktcdn.net/thumb/medium/100/485/982/products/peak-t1-69-1693470081527.jpg?v=1695877127440; https://bizweb.dktcdn.net/thumb/medium/100/485/982/products/z-sz-nn-1693470081532.png?v=1695877127440,Chạy bộ,Thông tin sản phẩm đang được cập nhật,1.090.000₫,https://shop.webthethao.vn/giay-chay-bo-nam-peak-running-den-trang-e29007hdt-hang-chinh-hang
